class_balance_entropy,class_count_std,imbalance_ratio,img_mean_height,img_mean_pixel_value,img_mean_width,img_std_pixel_value,max_class_count,mean_class_count,min_class_count,n_classes,n_samples,model,sampler,resize,augmentation,loss,epochs_trained,test_accuracy
1.8096430618623736,1900.5002885921315,16.548165137614678,48.0,130.99722265625,48.0,53.91082984810726,7215,4101.285714285715,436,7,28709,efficientnet_b0,random,1,none,class_balanced,11,0.43181258
1.8096430618623736,1900.5002885921315,16.548165137614678,48.0,130.99722265625,48.0,53.91082984810726,7215,4101.285714285715,436,7,28709,efficientnet_b0,random,1,rand_aug,class_balanced,11,0.42888173
1.8096430618623736,1900.5002885921315,16.548165137614678,48.0,130.99722265625,48.0,53.91082984810726,7215,4101.285714285715,436,7,28709,efficientnet_b0,weighted,1,none,label_smoothing,11,0.42009097
1.8096430618623736,1900.5002885921315,16.548165137614678,48.0,130.99722265625,48.0,53.91082984810726,7215,4101.285714285715,436,7,28709,efficientnet_b0,random,1,none,class_balanced,4,0.41857633
1.8096430618623736,1900.5002885921315,16.548165137614678,48.0,130.99722265625,48.0,53.91082984810726,7215,4101.285714285715,436,7,28709,efficientnet_b0,weighted,1,rand_aug,label_smoothing,11,0.41763175
1.8096430618623736,1900.5002885921315,16.548165137614678,48.0,130.99722265625,48.0,53.91082984810726,7215,4101.285714285715,436,7,28709,efficientnet_b0,random,1,rand_aug,class_balanced,4,0.41509613
1.8096430618623736,1900.5002885921315,16.548165137614678,48.0,130.99722265625,48.0,53.91082984810726,7215,4101.285714285715,436,7,28709,efficientnet_b0,weighted,1,none,class_balanced,11,0.412473
1.8096430618623736,1900.5002885921315,16.548165137614678,48.0,130.99722265625,48.0,53.91082984810726,7215,4101.285714285715,436,7,28709,scratch_cnn,random,0,none,label_smoothing,11,0.41084898
1.8096430618623736,1900.5002885921315,16.548165137614678,48.0,130.99722265625,48.0,53.91082984810726,7215,4101.285714285715,436,7,28709,efficientnet_b0,weighted,1,none,cross_entropy,11,0.4092732
1.8096430618623736,1900.5002885921315,16.548165137614678,48.0,130.99722265625,48.0,53.91082984810726,7215,4101.285714285715,436,7,28709,efficientnet_b0,weighted,1,none,label_smoothing,4,0.4081618
1.8096430618623736,1900.5002885921315,16.548165137614678,48.0,130.99722265625,48.0,53.91082984810726,7215,4101.285714285715,436,7,28709,scratch_cnn,weighted,0,none,label_smoothing,11,0.40565938
1.8096430618623736,1900.5002885921315,16.548165137614678,48.0,130.99722265625,48.0,53.91082984810726,7215,4101.285714285715,436,7,28709,efficientnet_b0,weighted,1,rand_aug,label_smoothing,4,0.40556723
1.8096430618623736,1900.5002885921315,16.548165137614678,48.0,130.99722265625,48.0,53.91082984810726,7215,4101.285714285715,436,7,28709,efficientnet_b0,random,1,none,label_smoothing,11,0.4052803
1.8096430618623736,1900.5002885921315,16.548165137614678,48.0,130.99722265625,48.0,53.91082984810726,7215,4101.285714285715,436,7,28709,efficientnet_b0,random,1,rand_aug,label_smoothing,11,0.4044336
1.8096430618623736,1900.5002885921315,16.548165137614678,48.0,130.99722265625,48.0,53.91082984810726,7215,4101.285714285715,436,7,28709,efficientnet_b0,weighted,1,rand_aug,cross_entropy,11,0.40355337
1.8096430618623736,1900.5002885921315,16.548165137614678,48.0,130.99722265625,48.0,53.91082984810726,7215,4101.285714285715,436,7,28709,efficientnet_b0,random,1,none,label_smoothing,4,0.40268677
1.8096430618623736,1900.5002885921315,16.548165137614678,48.0,130.99722265625,48.0,53.91082984810726,7215,4101.285714285715,436,7,28709,efficientnet_b0,weighted,1,rand_aug,class_balanced,11,0.40107116
1.8096430618623736,1900.5002885921315,16.548165137614678,48.0,130.99722265625,48.0,53.91082984810726,7215,4101.285714285715,436,7,28709,efficientnet_b0,random,1,rand_aug,label_smoothing,4,0.40014312
1.8096430618623736,1900.5002885921315,16.548165137614678,48.0,130.99722265625,48.0,53.91082984810726,7215,4101.285714285715,436,7,28709,scratch_cnn,weighted,0,none,cross_entropy,11,0.39564708
1.8096430618623736,1900.5002885921315,16.548165137614678,48.0,130.99722265625,48.0,53.91082984810726,7215,4101.285714285715,436,7,28709,scratch_cnn,random,0,rand_aug,label_smoothing,11,0.3955807
1.8096430618623736,1900.5002885921315,16.548165137614678,48.0,130.99722265625,48.0,53.91082984810726,7215,4101.285714285715,436,7,28709,resnet18,weighted,1,none,label_smoothing,11,0.39468282
1.8096430618623736,1900.5002885921315,16.548165137614678,48.0,130.99722265625,48.0,53.91082984810726,7215,4101.285714285715,436,7,28709,scratch_cnn,random,0,none,cross_entropy,11,0.39460945
1.8096430618623736,1900.5002885921315,16.548165137614678,48.0,130.99722265625,48.0,53.91082984810726,7215,4101.285714285715,436,7,28709,efficientnet_b0,weighted,1,none,cross_entropy,4,0.39431155
1.8096430618623736,1900.5002885921315,16.548165137614678,48.0,130.99722265625,48.0,53.91082984810726,7215,4101.285714285715,436,7,28709,efficientnet_b0,weighted,1,rand_aug,cross_entropy,4,0.39138943
1.8096430618623736,1900.5002885921315,16.548165137614678,48.0,130.99722265625,48.0,53.91082984810726,7215,4101.285714285715,436,7,28709,scratch_cnn,weighted,0,rand_aug,label_smoothing,11,0.39101872
1.8096430618623736,1900.5002885921315,16.548165137614678,48.0,130.99722265625,48.0,53.91082984810726,7215,4101.285714285715,436,7,28709,resnet18,random,1,none,class_balanced,11,0.39074576
1.8096430618623736,1900.5002885921315,16.548165137614678,48.0,130.99722265625,48.0,53.91082984810726,7215,4101.285714285715,436,7,28709,efficientnet_b0,random,1,none,class_balanced,1,0.38941807
1.8096430618623736,1900.5002885921315,16.548165137614678,48.0,130.99722265625,48.0,53.91082984810726,7215,4101.285714285715,436,7,28709,resnet18,random,1,none,label_smoothing,11,0.38800588
1.8096430618623736,1900.5002885921315,16.548165137614678,48.0,130.99722265625,48.0,53.91082984810726,7215,4101.285714285715,436,7,28709,efficientnet_b0,random,1,none,cross_entropy,11,0.38731378
1.8096430618623736,1900.5002885921315,16.548165137614678,48.0,130.99722265625,48.0,53.91082984810726,7215,4101.285714285715,436,7,28709,efficientnet_b0,random,1,rand_aug,class_balanced,1,0.38711917
1.8096430618623736,1900.5002885921315,16.548165137614678,48.0,130.99722265625,48.0,53.91082984810726,7215,4101.285714285715,436,7,28709,resnet18,weighted,1,rand_aug,label_smoothing,11,0.38650417
1.8096430618623736,1900.5002885921315,16.548165137614678,48.0,130.99722265625,48.0,53.91082984810726,7215,4101.285714285715,436,7,28709,mobilenet_v2,weighted,1,none,label_smoothing,11,0.38628793
1.8096430618623736,1900.5002885921315,16.548165137614678,48.0,130.99722265625,48.0,53.91082984810726,7215,4101.285714285715,436,7,28709,mobilenet_v2,random,1,none,class_balanced,11,0.38515687
1.8096430618623736,1900.5002885921315,16.548165137614678,48.0,130.99722265625,48.0,53.91082984810726,7215,4101.285714285715,436,7,28709,efficientnet_b0,random,1,none,cross_entropy,4,0.38484797
1.8096430618623736,1900.5002885921315,16.548165137614678,48.0,130.99722265625,48.0,53.91082984810726,7215,4101.285714285715,436,7,28709,scratch_cnn,weighted,0,rand_aug,cross_entropy,11,0.38433105
1.8096430618623736,1900.5002885921315,16.548165137614678,48.0,130.99722265625,48.0,53.91082984810726,7215,4101.285714285715,436,7,28709,efficientnet_b0,random,1,rand_aug,cross_entropy,11,0.38429484
1.8096430618623736,1900.5002885921315,16.548165137614678,48.0,130.99722265625,48.0,53.91082984810726,7215,4101.285714285715,436,7,28709,efficientnet_b0,weighted,1,none,class_balanced,4,0.38309506
1.8096430618623736,1900.5002885921315,16.548165137614678,48.0,130.99722265625,48.0,53.91082984810726,7215,4101.285714285715,436,7,28709,scratch_cnn,random,0,rand_aug,cross_entropy,11,0.38285053
1.8096430618623736,1900.5002885921315,16.548165137614678,48.0,130.99722265625,48.0,53.91082984810726,7215,4101.285714285715,436,7,28709,resnet18,weighted,1,none,cross_entropy,11,0.3825602
1.8096430618623736,1900.5002885921315,16.548165137614678,48.0,130.99722265625,48.0,53.91082984810726,7215,4101.285714285715,436,7,28709,efficientnet_b0,random,1,none,label_smoothing,1,0.38250014
1.8096430618623736,1900.5002885921315,16.548165137614678,48.0,130.99722265625,48.0,53.91082984810726,7215,4101.285714285715,436,7,28709,efficientnet_b0,random,1,rand_aug,cross_entropy,4,0.38202217
1.8096430618623736,1900.5002885921315,16.548165137614678,48.0,130.99722265625,48.0,53.91082984810726,7215,4101.285714285715,436,7,28709,mobilenet_v2,random,1,none,label_smoothing,11,0.3814931
1.8096430618623736,1900.5002885921315,16.548165137614678,48.0,130.99722265625,48.0,53.91082984810726,7215,4101.285714285715,436,7,28709,resnet18,random,1,rand_aug,label_smoothing,11,0.38077855
1.8096430618623736,1900.5002885921315,16.548165137614678,48.0,130.99722265625,48.0,53.91082984810726,7215,4101.285714285715,436,7,28709,efficientnet_b0,weighted,1,none,label_smoothing,1,0.38009185
1.8096430618623736,1900.5002885921315,16.548165137614678,48.0,130.99722265625,48.0,53.91082984810726,7215,4101.285714285715,436,7,28709,efficientnet_b0,random,1,rand_aug,label_smoothing,1,0.37923506
1.8096430618623736,1900.5002885921315,16.548165137614678,48.0,130.99722265625,48.0,53.91082984810726,7215,4101.285714285715,436,7,28709,mobilenet_v2,random,1,rand_aug,label_smoothing,11,0.37842113
1.8096430618623736,1900.5002885921315,16.548165137614678,48.0,130.99722265625,48.0,53.91082984810726,7215,4101.285714285715,436,7,28709,mobilenet_v2,random,1,rand_aug,class_balanced,11,0.37788028
1.8096430618623736,1900.5002885921315,16.548165137614678,48.0,130.99722265625,48.0,53.91082984810726,7215,4101.285714285715,436,7,28709,mobilenet_v2,weighted,1,none,cross_entropy,11,0.3770929
1.8096430618623736,1900.5002885921315,16.548165137614678,48.0,130.99722265625,48.0,53.91082984810726,7215,4101.285714285715,436,7,28709,resnet18,random,1,rand_aug,class_balanced,11,0.3766545
1.8096430618623736,1900.5002885921315,16.548165137614678,48.0,130.99722265625,48.0,53.91082984810726,7215,4101.285714285715,436,7,28709,mobilenet_v2,weighted,1,rand_aug,label_smoothing,11,0.3766006
1.8096430618623736,1900.5002885921315,16.548165137614678,48.0,130.99722265625,48.0,53.91082984810726,7215,4101.285714285715,436,7,28709,efficientnet_b0,weighted,1,rand_aug,class_balanced,4,0.37435603
1.8096430618623736,1900.5002885921315,16.548165137614678,48.0,130.99722265625,48.0,53.91082984810726,7215,4101.285714285715,436,7,28709,efficientnet_b0,weighted,1,rand_aug,label_smoothing,1,0.37390968
1.8096430618623736,1900.5002885921315,16.548165137614678,48.0,130.99722265625,48.0,53.91082984810726,7215,4101.285714285715,436,7,28709,resnet18,random,1,none,cross_entropy,11,0.37283766
1.8096430618623736,1900.5002885921315,16.548165137614678,48.0,130.99722265625,48.0,53.91082984810726,7215,4101.285714285715,436,7,28709,resnet18,weighted,1,none,label_smoothing,4,0.3724519
1.8096430618623736,1900.5002885921315,16.548165137614678,48.0,130.99722265625,48.0,53.91082984810726,7215,4101.285714285715,436,7,28709,resnet18,weighted,1,none,class_balanced,11,0.3691858
1.8096430618623736,1900.5002885921315,16.548165137614678,48.0,130.99722265625,48.0,53.91082984810726,7215,4101.285714285715,436,7,28709,mobilenet_v2,random,1,none,cross_entropy,11,0.36915582
1.8096430618623736,1900.5002885921315,16.548165137614678,48.0,130.99722265625,48.0,53.91082984810726,7215,4101.285714285715,436,7,28709,resnet18,weighted,1,rand_aug,cross_entropy,11,0.36854368
1.8096430618623736,1900.5002885921315,16.548165137614678,48.0,130.99722265625,48.0,53.91082984810726,7215,4101.285714285715,436,7,28709,resnet18,random,1,none,label_smoothing,4,0.36841965
1.8096430618623736,1900.5002885921315,16.548165137614678,48.0,130.99722265625,48.0,53.91082984810726,7215,4101.285714285715,436,7,28709,resnet18,random,1,rand_aug,cross_entropy,11,0.36586982
1.8096430618623736,1900.5002885921315,16.548165137614678,48.0,130.99722265625,48.0,53.91082984810726,7215,4101.285714285715,436,7,28709,mobilenet_v2,random,1,rand_aug,cross_entropy,11,0.36530173
1.8096430618623736,1900.5002885921315,16.548165137614678,48.0,130.99722265625,48.0,53.91082984810726,7215,4101.285714285715,436,7,28709,mobilenet_v2,weighted,1,rand_aug,cross_entropy,11,0.36483097
1.8096430618623736,1900.5002885921315,16.548165137614678,48.0,130.99722265625,48.0,53.91082984810726,7215,4101.285714285715,436,7,28709,efficientnet_b0,random,1,none,cross_entropy,1,0.36313134
1.8096430618623736,1900.5002885921315,16.548165137614678,48.0,130.99722265625,48.0,53.91082984810726,7215,4101.285714285715,436,7,28709,resnet18,random,1,none,class_balanced,4,0.3615272
1.8096430618623736,1900.5002885921315,16.548165137614678,48.0,130.99722265625,48.0,53.91082984810726,7215,4101.285714285715,436,7,28709,efficientnet_b0,weighted,1,none,cross_entropy,1,0.36142498
1.8096430618623736,1900.5002885921315,16.548165137614678,48.0,130.99722265625,48.0,53.91082984810726,7215,4101.285714285715,436,7,28709,efficientnet_b0,random,1,rand_aug,cross_entropy,1,0.36114904
1.8096430618623736,1900.5002885921315,16.548165137614678,48.0,130.99722265625,48.0,53.91082984810726,7215,4101.285714285715,436,7,28709,mobilenet_v2,random,1,none,label_smoothing,4,0.3597668
1.8096430618623736,1900.5002885921315,16.548165137614678,48.0,130.99722265625,48.0,53.91082984810726,7215,4101.285714285715,436,7,28709,scratch_cnn,random,0,none,class_balanced,11,0.35916018
1.8096430618623736,1900.5002885921315,16.548165137614678,48.0,130.99722265625,48.0,53.91082984810726,7215,4101.285714285715,436,7,28709,mobilenet_v2,weighted,1,none,label_smoothing,4,0.35858017
1.8096430618623736,1900.5002885921315,16.548165137614678,48.0,130.99722265625,48.0,53.91082984810726,7215,4101.285714285715,436,7,28709,scratch_cnn,random,0,none,label_smoothing,4,0.35820097
1.8096430618623736,1900.5002885921315,16.548165137614678,48.0,130.99722265625,48.0,53.91082984810726,7215,4101.285714285715,436,7,28709,resnet18,weighted,1,none,cross_entropy,4,0.35760063
1.8096430618623736,1900.5002885921315,16.548165137614678,48.0,130.99722265625,48.0,53.91082984810726,7215,4101.285714285715,436,7,28709,resnet18,random,1,rand_aug,label_smoothing,4,0.35750353
1.8096430618623736,1900.5002885921315,16.548165137614678,48.0,130.99722265625,48.0,53.91082984810726,7215,4101.285714285715,436,7,28709,resnet18,weighted,1,rand_aug,label_smoothing,4,0.3572204
1.8096430618623736,1900.5002885921315,16.548165137614678,48.0,130.99722265625,48.0,53.91082984810726,7215,4101.285714285715,436,7,28709,scratch_cnn,weighted,0,none,label_smoothing,4,0.35609567
1.8096430618623736,1900.5002885921315,16.548165137614678,48.0,130.99722265625,48.0,53.91082984810726,7215,4101.285714285715,436,7,28709,mobilenet_v2,random,1,none,class_balanced,4,0.35552943
1.8096430618623736,1900.5002885921315,16.548165137614678,48.0,130.99722265625,48.0,53.91082984810726,7215,4101.285714285715,436,7,28709,mobilenet_v2,random,1,rand_aug,label_smoothing,4,0.35488555
1.8096430618623736,1900.5002885921315,16.548165137614678,48.0,130.99722265625,48.0,53.91082984810726,7215,4101.285714285715,436,7,28709,resnet18,random,1,none,cross_entropy,4,0.35315108
1.8096430618623736,1900.5002885921315,16.548165137614678,48.0,130.99722265625,48.0,53.91082984810726,7215,4101.285714285715,436,7,28709,efficientnet_b0,weighted,1,rand_aug,cross_entropy,1,0.3521962
1.8096430618623736,1900.5002885921315,16.548165137614678,48.0,130.99722265625,48.0,53.91082984810726,7215,4101.285714285715,436,7,28709,scratch_cnn,random,0,rand_aug,label_smoothing,4,0.34977767
1.8096430618623736,1900.5002885921315,16.548165137614678,48.0,130.99722265625,48.0,53.91082984810726,7215,4101.285714285715,436,7,28709,mobilenet_v2,random,1,rand_aug,class_balanced,4,0.34858602
1.8096430618623736,1900.5002885921315,16.548165137614678,48.0,130.99722265625,48.0,53.91082984810726,7215,4101.285714285715,436,7,28709,mobilenet_v2,weighted,1,none,class_balanced,11,0.34853017
1.8096430618623736,1900.5002885921315,16.548165137614678,48.0,130.99722265625,48.0,53.91082984810726,7215,4101.285714285715,436,7,28709,resnet18,random,1,rand_aug,class_balanced,4,0.34760383
1.8096430618623736,1900.5002885921315,16.548165137614678,48.0,130.99722265625,48.0,53.91082984810726,7215,4101.285714285715,436,7,28709,mobilenet_v2,weighted,1,none,cross_entropy,4,0.3464635
1.8096430618623736,1900.5002885921315,16.548165137614678,48.0,130.99722265625,48.0,53.91082984810726,7215,4101.285714285715,436,7,28709,mobilenet_v2,random,1,none,cross_entropy,4,0.34624726
1.8096430618623736,1900.5002885921315,16.548165137614678,48.0,130.99722265625,48.0,53.91082984810726,7215,4101.285714285715,436,7,28709,resnet18,random,1,rand_aug,cross_entropy,4,0.3455652
1.8096430618623736,1900.5002885921315,16.548165137614678,48.0,130.99722265625,48.0,53.91082984810726,7215,4101.285714285715,436,7,28709,efficientnet_b0,weighted,0,none,class_balanced,11,0.34477204
1.8096430618623736,1900.5002885921315,16.548165137614678,48.0,130.99722265625,48.0,53.91082984810726,7215,4101.285714285715,436,7,28709,mobilenet_v2,weighted,1,rand_aug,label_smoothing,4,0.34476054
1.8096430618623736,1900.5002885921315,16.548165137614678,48.0,130.99722265625,48.0,53.91082984810726,7215,4101.285714285715,436,7,28709,resnet18,weighted,1,rand_aug,class_balanced,11,0.34460828
1.8096430618623736,1900.5002885921315,16.548165137614678,48.0,130.99722265625,48.0,53.91082984810726,7215,4101.285714285715,436,7,28709,efficientnet_b0,weighted,1,none,class_balanced,1,0.34263673
1.8096430618623736,1900.5002885921315,16.548165137614678,48.0,130.99722265625,48.0,53.91082984810726,7215,4101.285714285715,436,7,28709,mobilenet_v2,random,1,rand_aug,cross_entropy,4,0.34108198
1.8096430618623736,1900.5002885921315,16.548165137614678,48.0,130.99722265625,48.0,53.91082984810726,7215,4101.285714285715,436,7,28709,resnet18,weighted,1,rand_aug,cross_entropy,4,0.3410746
1.8096430618623736,1900.5002885921315,16.548165137614678,48.0,130.99722265625,48.0,53.91082984810726,7215,4101.285714285715,436,7,28709,scratch_cnn,weighted,0,none,cross_entropy,4,0.34065932
1.8096430618623736,1900.5002885921315,16.548165137614678,48.0,130.99722265625,48.0,53.91082984810726,7215,4101.285714285715,436,7,28709,scratch_cnn,random,0,none,cross_entropy,4,0.33920646
1.8096430618623736,1900.5002885921315,16.548165137614678,48.0,130.99722265625,48.0,53.91082984810726,7215,4101.285714285715,436,7,28709,densenet121,weighted,1,none,label_smoothing,11,0.3388954
1.8096430618623736,1900.5002885921315,16.548165137614678,48.0,130.99722265625,48.0,53.91082984810726,7215,4101.285714285715,436,7,28709,efficientnet_b0,weighted,0,none,label_smoothing,11,0.3377028
1.8096430618623736,1900.5002885921315,16.548165137614678,48.0,130.99722265625,48.0,53.91082984810726,7215,4101.285714285715,436,7,28709,scratch_cnn,weighted,0,rand_aug,label_smoothing,4,0.33509812
1.8096430618623736,1900.5002885921315,16.548165137614678,48.0,130.99722265625,48.0,53.91082984810726,7215,4101.285714285715,436,7,28709,scratch_cnn,random,0,rand_aug,class_balanced,11,0.33490753
1.8096430618623736,1900.5002885921315,16.548165137614678,48.0,130.99722265625,48.0,53.91082984810726,7215,4101.285714285715,436,7,28709,efficientnet_b0,weighted,0,rand_aug,label_smoothing,11,0.33414814
1.8096430618623736,1900.5002885921315,16.548165137614678,48.0,130.99722265625,48.0,53.91082984810726,7215,4101.285714285715,436,7,28709,efficientnet_b0,weighted,0,none,cross_entropy,11,0.3339668
1.8096430618623736,1900.5002885921315,16.548165137614678,48.0,130.99722265625,48.0,53.91082984810726,7215,4101.285714285715,436,7,28709,efficientnet_b0,weighted,0,rand_aug,cross_entropy,11,0.33321977
1.8096430618623736,1900.5002885921315,16.548165137614678,48.0,130.99722265625,48.0,53.91082984810726,7215,4101.285714285715,436,7,28709,efficientnet_b0,weighted,0,rand_aug,class_balanced,11,0.33158976
1.8096430618623736,1900.5002885921315,16.548165137614678,48.0,130.99722265625,48.0,53.91082984810726,7215,4101.285714285715,436,7,28709,densenet121,random,1,none,class_balanced,11,0.33086866
1.8096430618623736,1900.5002885921315,16.548165137614678,48.0,130.99722265625,48.0,53.91082984810726,7215,4101.285714285715,436,7,28709,mobilenet_v2,weighted,1,rand_aug,cross_entropy,4,0.32979828
1.8096430618623736,1900.5002885921315,16.548165137614678,48.0,130.99722265625,48.0,53.91082984810726,7215,4101.285714285715,436,7,28709,resnet18,random,1,none,label_smoothing,1,0.32836384
1.8096430618623736,1900.5002885921315,16.548165137614678,48.0,130.99722265625,48.0,53.91082984810726,7215,4101.285714285715,436,7,28709,densenet121,weighted,1,none,cross_entropy,11,0.3252312
1.8096430618623736,1900.5002885921315,16.548165137614678,48.0,130.99722265625,48.0,53.91082984810726,7215,4101.285714285715,436,7,28709,mobilenet_v2,random,1,none,label_smoothing,1,0.3241909
1.8096430618623736,1900.5002885921315,16.548165137614678,48.0,130.99722265625,48.0,53.91082984810726,7215,4101.285714285715,436,7,28709,efficientnet_b0,weighted,1,rand_aug,class_balanced,1,0.32378677
1.8096430618623736,1900.5002885921315,16.548165137614678,48.0,130.99722265625,48.0,53.91082984810726,7215,4101.285714285715,436,7,28709,densenet121,weighted,1,rand_aug,label_smoothing,11,0.32309607
1.8096430618623736,1900.5002885921315,16.548165137614678,48.0,130.99722265625,48.0,53.91082984810726,7215,4101.285714285715,436,7,28709,mobilenet_v2,weighted,1,rand_aug,class_balanced,11,0.32273412
1.8096430618623736,1900.5002885921315,16.548165137614678,48.0,130.99722265625,48.0,53.91082984810726,7215,4101.285714285715,436,7,28709,scratch_cnn,weighted,0,rand_aug,cross_entropy,4,0.3213502
1.8096430618623736,1900.5002885921315,16.548165137614678,48.0,130.99722265625,48.0,53.91082984810726,7215,4101.285714285715,436,7,28709,densenet121,weighted,0,none,cross_entropy,11,0.3211713
1.8096430618623736,1900.5002885921315,16.548165137614678,48.0,130.99722265625,48.0,53.91082984810726,7215,4101.285714285715,436,7,28709,densenet121,random,1,rand_aug,class_balanced,11,0.32028145
1.8096430618623736,1900.5002885921315,16.548165137614678,48.0,130.99722265625,48.0,53.91082984810726,7215,4101.285714285715,436,7,28709,efficientnet_b0,weighted,0,none,label_smoothing,4,0.3191669
1.8096430618623736,1900.5002885921315,16.548165137614678,48.0,130.99722265625,48.0,53.91082984810726,7215,4101.285714285715,436,7,28709,resnet18,weighted,1,none,class_balanced,4,0.31810212
1.8096430618623736,1900.5002885921315,16.548165137614678,48.0,130.99722265625,48.0,53.91082984810726,7215,4101.285714285715,436,7,28709,densenet121,weighted,1,none,class_balanced,11,0.31795302
1.8096430618623736,1900.5002885921315,16.548165137614678,48.0,130.99722265625,48.0,53.91082984810726,7215,4101.285714285715,436,7,28709,efficientnet_b0,random,0,none,class_balanced,11,0.31792155
1.8096430618623736,1900.5002885921315,16.548165137614678,48.0,130.99722265625,48.0,53.91082984810726,7215,4101.285714285715,436,7,28709,scratch_cnn,random,0,rand_aug,cross_entropy,4,0.31775868
1.8096430618623736,1900.5002885921315,16.548165137614678,48.0,130.99722265625,48.0,53.91082984810726,7215,4101.285714285715,436,7,28709,densenet121,weighted,0,none,label_smoothing,11,0.31766984
1.8096430618623736,1900.5002885921315,16.548165137614678,48.0,130.99722265625,48.0,53.91082984810726,7215,4101.285714285715,436,7,28709,resnet18,random,1,rand_aug,label_smoothing,1,0.31737548
1.8096430618623736,1900.5002885921315,16.548165137614678,48.0,130.99722265625,48.0,53.91082984810726,7215,4101.285714285715,436,7,28709,densenet121,random,1,none,label_smoothing,11,0.3172275
1.8096430618623736,1900.5002885921315,16.548165137614678,48.0,130.99722265625,48.0,53.91082984810726,7215,4101.285714285715,436,7,28709,efficientnet_b0,weighted,0,rand_aug,label_smoothing,4,0.31662536
1.8096430618623736,1900.5002885921315,16.548165137614678,48.0,130.99722265625,48.0,53.91082984810726,7215,4101.285714285715,436,7,28709,mobilenet_v2,random,1,rand_aug,label_smoothing,1,0.31632903
1.8096430618623736,1900.5002885921315,16.548165137614678,48.0,130.99722265625,48.0,53.91082984810726,7215,4101.285714285715,436,7,28709,efficientnet_b0,weighted,0,none,cross_entropy,4,0.31592518
1.8096430618623736,1900.5002885921315,16.548165137614678,48.0,130.99722265625,48.0,53.91082984810726,7215,4101.285714285715,436,7,28709,efficientnet_b0,random,0,rand_aug,class_balanced,11,0.31588048
1.8096430618623736,1900.5002885921315,16.548165137614678,48.0,130.99722265625,48.0,53.91082984810726,7215,4101.285714285715,436,7,28709,densenet121,weighted,0,rand_aug,cross_entropy,11,0.31394064
1.8096430618623736,1900.5002885921315,16.548165137614678,48.0,130.99722265625,48.0,53.91082984810726,7215,4101.285714285715,436,7,28709,efficientnet_b0,weighted,0,rand_aug,cross_entropy,4,0.31393567
1.8096430618623736,1900.5002885921315,16.548165137614678,48.0,130.99722265625,48.0,53.91082984810726,7215,4101.285714285715,436,7,28709,densenet121,weighted,1,rand_aug,cross_entropy,11,0.3121318
1.8096430618623736,1900.5002885921315,16.548165137614678,48.0,130.99722265625,48.0,53.91082984810726,7215,4101.285714285715,436,7,28709,mobilenet_v2,weighted,0,none,cross_entropy,11,0.31175712
1.8096430618623736,1900.5002885921315,16.548165137614678,48.0,130.99722265625,48.0,53.91082984810726,7215,4101.285714285715,436,7,28709,efficientnet_b0,random,0,none,label_smoothing,11,0.3112679
1.8096430618623736,1900.5002885921315,16.548165137614678,48.0,130.99722265625,48.0,53.91082984810726,7215,4101.285714285715,436,7,28709,resnet18,weighted,0,none,label_smoothing,11,0.3112362
1.8096430618623736,1900.5002885921315,16.548165137614678,48.0,130.99722265625,48.0,53.91082984810726,7215,4101.285714285715,436,7,28709,resnet18,weighted,0,none,class_balanced,11,0.3105266
1.8096430618623736,1900.5002885921315,16.548165137614678,48.0,130.99722265625,48.0,53.91082984810726,7215,4101.285714285715,436,7,28709,densenet121,weighted,0,rand_aug,label_smoothing,11,0.31023833
1.8096430618623736,1900.5002885921315,16.548165137614678,48.0,130.99722265625,48.0,53.91082984810726,7215,4101.285714285715,436,7,28709,resnet18,weighted,0,none,cross_entropy,11,0.30975938
1.8096430618623736,1900.5002885921315,16.548165137614678,48.0,130.99722265625,48.0,53.91082984810726,7215,4101.285714285715,436,7,28709,mobilenet_v2,weighted,0,none,label_smoothing,11,0.30956
1.8096430618623736,1900.5002885921315,16.548165137614678,48.0,130.99722265625,48.0,53.91082984810726,7215,4101.285714285715,436,7,28709,mobilenet_v2,weighted,0,rand_aug,cross_entropy,11,0.3094272
1.8096430618623736,1900.5002885921315,16.548165137614678,48.0,130.99722265625,48.0,53.91082984810726,7215,4101.285714285715,436,7,28709,resnet18,weighted,0,rand_aug,cross_entropy,11,0.30877388
1.8096430618623736,1900.5002885921315,16.548165137614678,48.0,130.99722265625,48.0,53.91082984810726,7215,4101.285714285715,436,7,28709,resnet18,weighted,0,rand_aug,label_smoothing,11,0.30829552
1.8096430618623736,1900.5002885921315,16.548165137614678,48.0,130.99722265625,48.0,53.91082984810726,7215,4101.285714285715,436,7,28709,densenet121,weighted,1,none,label_smoothing,4,0.3081202
1.8096430618623736,1900.5002885921315,16.548165137614678,48.0,130.99722265625,48.0,53.91082984810726,7215,4101.285714285715,436,7,28709,efficientnet_b0,random,0,rand_aug,label_smoothing,11,0.3081119
1.8096430618623736,1900.5002885921315,16.548165137614678,48.0,130.99722265625,48.0,53.91082984810726,7215,4101.285714285715,436,7,28709,resnet18,random,1,none,cross_entropy,1,0.30724955
1.8096430618623736,1900.5002885921315,16.548165137614678,48.0,130.99722265625,48.0,53.91082984810726,7215,4101.285714285715,436,7,28709,mobilenet_v2,weighted,0,rand_aug,label_smoothing,11,0.3066528
1.8096430618623736,1900.5002885921315,16.548165137614678,48.0,130.99722265625,48.0,53.91082984810726,7215,4101.285714285715,436,7,28709,resnet18,weighted,1,none,label_smoothing,1,0.30624557
1.8096430618623736,1900.5002885921315,16.548165137614678,48.0,130.99722265625,48.0,53.91082984810726,7215,4101.285714285715,436,7,28709,densenet121,random,1,rand_aug,label_smoothing,11,0.3060577
1.8096430618623736,1900.5002885921315,16.548165137614678,48.0,130.99722265625,48.0,53.91082984810726,7215,4101.285714285715,436,7,28709,mobilenet_v2,random,1,none,cross_entropy,1,0.3058172
1.8096430618623736,1900.5002885921315,16.548165137614678,48.0,130.99722265625,48.0,53.91082984810726,7215,4101.285714285715,436,7,28709,resnet18,weighted,0,rand_aug,class_balanced,11,0.30367512
1.8096430618623736,1900.5002885921315,16.548165137614678,48.0,130.99722265625,48.0,53.91082984810726,7215,4101.285714285715,436,7,28709,densenet121,random,1,none,cross_entropy,11,0.3036433
1.8096430618623736,1900.5002885921315,16.548165137614678,48.0,130.99722265625,48.0,53.91082984810726,7215,4101.285714285715,436,7,28709,mobilenet_v2,random,1,none,class_balanced,1,0.30313265
1.8096430618623736,1900.5002885921315,16.548165137614678,48.0,130.99722265625,48.0,53.91082984810726,7215,4101.285714285715,436,7,28709,resnet18,random,1,none,class_balanced,1,0.30298087
1.8096430618623736,1900.5002885921315,16.548165137614678,48.0,130.99722265625,48.0,53.91082984810726,7215,4101.285714285715,436,7,28709,densenet121,random,1,none,class_balanced,4,0.302896
1.8096430618623736,1900.5002885921315,16.548165137614678,48.0,130.99722265625,48.0,53.91082984810726,7215,4101.285714285715,436,7,28709,efficientnet_b0,random,0,rand_aug,cross_entropy,11,0.30213892
1.8096430618623736,1900.5002885921315,16.548165137614678,48.0,130.99722265625,48.0,53.91082984810726,7215,4101.285714285715,436,7,28709,efficientnet_b0,random,0,none,cross_entropy,11,0.30200076
1.8096430618623736,1900.5002885921315,16.548165137614678,48.0,130.99722265625,48.0,53.91082984810726,7215,4101.285714285715,436,7,28709,densenet121,weighted,0,none,class_balanced,11,0.30186608
1.8096430618623736,1900.5002885921315,16.548165137614678,48.0,130.99722265625,48.0,53.91082984810726,7215,4101.285714285715,436,7,28709,mobilenet_v2,weighted,1,none,class_balanced,4,0.30119976
1.8096430618623736,1900.5002885921315,16.548165137614678,48.0,130.99722265625,48.0,53.91082984810726,7215,4101.285714285715,436,7,28709,mobilenet_v2,weighted,1,none,label_smoothing,1,0.30082187
1.8096430618623736,1900.5002885921315,16.548165137614678,48.0,130.99722265625,48.0,53.91082984810726,7215,4101.285714285715,436,7,28709,scratch_cnn,random,0,none,class_balanced,4,0.2987778
1.8096430618623736,1900.5002885921315,16.548165137614678,48.0,130.99722265625,48.0,53.91082984810726,7215,4101.285714285715,436,7,28709,mobilenet_v2,weighted,0,none,class_balanced,11,0.29849893
1.8096430618623736,1900.5002885921315,16.548165137614678,48.0,130.99722265625,48.0,53.91082984810726,7215,4101.285714285715,436,7,28709,resnet18,weighted,0,none,label_smoothing,4,0.29773062
1.8096430618623736,1900.5002885921315,16.548165137614678,48.0,130.99722265625,48.0,53.91082984810726,7215,4101.285714285715,436,7,28709,resnet18,random,1,rand_aug,cross_entropy,1,0.2974719
1.8096430618623736,1900.5002885921315,16.548165137614678,48.0,130.99722265625,48.0,53.91082984810726,7215,4101.285714285715,436,7,28709,densenet121,random,0,none,cross_entropy,11,0.2971335
1.8096430618623736,1900.5002885921315,16.548165137614678,48.0,130.99722265625,48.0,53.91082984810726,7215,4101.285714285715,436,7,28709,efficientnet_b0,weighted,0,none,class_balanced,4,0.29706734
1.8096430618623736,1900.5002885921315,16.548165137614678,48.0,130.99722265625,48.0,53.91082984810726,7215,4101.285714285715,436,7,28709,mobilenet_v2,random,1,rand_aug,cross_entropy,1,0.29704386
1.8096430618623736,1900.5002885921315,16.548165137614678,48.0,130.99722265625,48.0,53.91082984810726,7215,4101.285714285715,436,7,28709,densenet121,random,0,rand_aug,cross_entropy,11,0.2967109
1.8096430618623736,1900.5002885921315,16.548165137614678,48.0,130.99722265625,48.0,53.91082984810726,7215,4101.285714285715,436,7,28709,mobilenet_v2,random,0,rand_aug,cross_entropy,11,0.29669574
1.8096430618623736,1900.5002885921315,16.548165137614678,48.0,130.99722265625,48.0,53.91082984810726,7215,4101.285714285715,436,7,28709,mobilenet_v2,weighted,0,none,cross_entropy,4,0.29645777
1.8096430618623736,1900.5002885921315,16.548165137614678,48.0,130.99722265625,48.0,53.91082984810726,7215,4101.285714285715,436,7,28709,densenet121,weighted,1,rand_aug,label_smoothing,4,0.29643422
1.8096430618623736,1900.5002885921315,16.548165137614678,48.0,130.99722265625,48.0,53.91082984810726,7215,4101.285714285715,436,7,28709,densenet121,random,0,none,label_smoothing,11,0.29640526
1.8096430618623736,1900.5002885921315,16.548165137614678,48.0,130.99722265625,48.0,53.91082984810726,7215,4101.285714285715,436,7,28709,densenet121,random,0,rand_aug,label_smoothing,11,0.2959305
1.8096430618623736,1900.5002885921315,16.548165137614678,48.0,130.99722265625,48.0,53.91082984810726,7215,4101.285714285715,436,7,28709,densenet121,weighted,1,none,cross_entropy,4,0.29590157
1.8096430618623736,1900.5002885921315,16.548165137614678,48.0,130.99722265625,48.0,53.91082984810726,7215,4101.285714285715,436,7,28709,densenet121,random,1,rand_aug,class_balanced,4,0.29581195
1.8096430618623736,1900.5002885921315,16.548165137614678,48.0,130.99722265625,48.0,53.91082984810726,7215,4101.285714285715,436,7,28709,resnet18,weighted,0,none,cross_entropy,4,0.2956946
1.8096430618623736,1900.5002885921315,16.548165137614678,48.0,130.99722265625,48.0,53.91082984810726,7215,4101.285714285715,436,7,28709,densenet121,weighted,0,none,cross_entropy,4,0.29538614
1.8096430618623736,1900.5002885921315,16.548165137614678,48.0,130.99722265625,48.0,53.91082984810726,7215,4101.285714285715,436,7,28709,mobilenet_v2,weighted,0,none,label_smoothing,4,0.29502177
1.8096430618623736,1900.5002885921315,16.548165137614678,48.0,130.99722265625,48.0,53.91082984810726,7215,4101.285714285715,436,7,28709,efficientnet_b0,random,0,none,label_smoothing,4,0.29490155
1.8096430618623736,1900.5002885921315,16.548165137614678,48.0,130.99722265625,48.0,53.91082984810726,7215,4101.285714285715,436,7,28709,densenet121,random,1,none,label_smoothing,4,0.2949006
1.8096430618623736,1900.5002885921315,16.548165137614678,48.0,130.99722265625,48.0,53.91082984810726,7215,4101.285714285715,436,7,28709,resnet18,random,0,none,label_smoothing,11,0.2948144
1.8096430618623736,1900.5002885921315,16.548165137614678,48.0,130.99722265625,48.0,53.91082984810726,7215,4101.285714285715,436,7,28709,mobilenet_v2,random,0,none,label_smoothing,11,0.29473776
1.8096430618623736,1900.5002885921315,16.548165137614678,48.0,130.99722265625,48.0,53.91082984810726,7215,4101.285714285715,436,7,28709,resnet18,weighted,1,rand_aug,class_balanced,4,0.29416502
1.8096430618623736,1900.5002885921315,16.548165137614678,48.0,130.99722265625,48.0,53.91082984810726,7215,4101.285714285715,436,7,28709,mobilenet_v2,random,0,none,cross_entropy,11,0.2941212
1.8096430618623736,1900.5002885921315,16.548165137614678,48.0,130.99722265625,48.0,53.91082984810726,7215,4101.285714285715,436,7,28709,densenet121,weighted,1,rand_aug,class_balanced,11,0.2940807
1.8096430618623736,1900.5002885921315,16.548165137614678,48.0,130.99722265625,48.0,53.91082984810726,7215,4101.285714285715,436,7,28709,efficientnet_b0,random,0,none,class_balanced,4,0.29364207
1.8096430618623736,1900.5002885921315,16.548165137614678,48.0,130.99722265625,48.0,53.91082984810726,7215,4101.285714285715,436,7,28709,resnet18,random,0,none,class_balanced,11,0.29363266
1.8096430618623736,1900.5002885921315,16.548165137614678,48.0,130.99722265625,48.0,53.91082984810726,7215,4101.285714285715,436,7,28709,densenet121,random,0,none,class_balanced,11,0.29340464
1.8096430618623736,1900.5002885921315,16.548165137614678,48.0,130.99722265625,48.0,53.91082984810726,7215,4101.285714285715,436,7,28709,resnet18,weighted,0,rand_aug,label_smoothing,4,0.29292125
1.8096430618623736,1900.5002885921315,16.548165137614678,48.0,130.99722265625,48.0,53.91082984810726,7215,4101.285714285715,436,7,28709,mobilenet_v2,random,0,rand_aug,label_smoothing,11,0.29268995
1.8096430618623736,1900.5002885921315,16.548165137614678,48.0,130.99722265625,48.0,53.91082984810726,7215,4101.285714285715,436,7,28709,resnet18,weighted,0,rand_aug,cross_entropy,4,0.2926703
1.8096430618623736,1900.5002885921315,16.548165137614678,48.0,130.99722265625,48.0,53.91082984810726,7215,4101.285714285715,436,7,28709,mobilenet_v2,weighted,0,rand_aug,cross_entropy,4,0.29219466
1.8096430618623736,1900.5002885921315,16.548165137614678,48.0,130.99722265625,48.0,53.91082984810726,7215,4101.285714285715,436,7,28709,resnet18,weighted,1,none,cross_entropy,1,0.29156616
1.8096430618623736,1900.5002885921315,16.548165137614678,48.0,130.99722265625,48.0,53.91082984810726,7215,4101.285714285715,436,7,28709,densenet121,random,1,rand_aug,cross_entropy,11,0.29153576
1.8096430618623736,1900.5002885921315,16.548165137614678,48.0,130.99722265625,48.0,53.91082984810726,7215,4101.285714285715,436,7,28709,resnet18,random,0,rand_aug,class_balanced,11,0.29128355
1.8096430618623736,1900.5002885921315,16.548165137614678,48.0,130.99722265625,48.0,53.91082984810726,7215,4101.285714285715,436,7,28709,resnet18,random,0,none,cross_entropy,11,0.29125878
1.8096430618623736,1900.5002885921315,16.548165137614678,48.0,130.99722265625,48.0,53.91082984810726,7215,4101.285714285715,436,7,28709,densenet121,weighted,0,none,label_smoothing,4,0.29077166
1.8096430618623736,1900.5002885921315,16.548165137614678,48.0,130.99722265625,48.0,53.91082984810726,7215,4101.285714285715,436,7,28709,resnet18,random,0,rand_aug,label_smoothing,11,0.2904296
1.8096430618623736,1900.5002885921315,16.548165137614678,48.0,130.99722265625,48.0,53.91082984810726,7215,4101.285714285715,436,7,28709,mobilenet_v2,random,1,rand_aug,class_balanced,1,0.2902141
1.8096430618623736,1900.5002885921315,16.548165137614678,48.0,130.99722265625,48.0,53.91082984810726,7215,4101.285714285715,436,7,28709,efficientnet_b0,random,0,rand_aug,class_balanced,4,0.29002216
1.8096430618623736,1900.5002885921315,16.548165137614678,48.0,130.99722265625,48.0,53.91082984810726,7215,4101.285714285715,436,7,28709,resnet18,random,0,rand_aug,cross_entropy,11,0.28924373
1.8096430618623736,1900.5002885921315,16.548165137614678,48.0,130.99722265625,48.0,53.91082984810726,7215,4101.285714285715,436,7,28709,mobilenet_v2,weighted,0,rand_aug,label_smoothing,4,0.28908587
1.8096430618623736,1900.5002885921315,16.548165137614678,48.0,130.99722265625,48.0,53.91082984810726,7215,4101.285714285715,436,7,28709,efficientnet_b0,random,0,rand_aug,label_smoothing,4,0.28893727
1.8096430618623736,1900.5002885921315,16.548165137614678,48.0,130.99722265625,48.0,53.91082984810726,7215,4101.285714285715,436,7,28709,mobilenet_v2,random,0,rand_aug,class_balanced,11,0.2883779
1.8096430618623736,1900.5002885921315,16.548165137614678,48.0,130.99722265625,48.0,53.91082984810726,7215,4101.285714285715,436,7,28709,mobilenet_v2,random,0,none,class_balanced,11,0.28826207
1.8096430618623736,1900.5002885921315,16.548165137614678,48.0,130.99722265625,48.0,53.91082984810726,7215,4101.285714285715,436,7,28709,densenet121,random,0,rand_aug,class_balanced,11,0.28809264
1.8096430618623736,1900.5002885921315,16.548165137614678,48.0,130.99722265625,48.0,53.91082984810726,7215,4101.285714285715,436,7,28709,densenet121,weighted,0,rand_aug,cross_entropy,4,0.28755677
1.8096430618623736,1900.5002885921315,16.548165137614678,48.0,130.99722265625,48.0,53.91082984810726,7215,4101.285714285715,436,7,28709,mobilenet_v2,weighted,1,none,cross_entropy,1,0.28744882
1.8096430618623736,1900.5002885921315,16.548165137614678,48.0,130.99722265625,48.0,53.91082984810726,7215,4101.285714285715,436,7,28709,scratch_cnn,weighted,0,none,label_smoothing,1,0.28688753
1.8096430618623736,1900.5002885921315,16.548165137614678,48.0,130.99722265625,48.0,53.91082984810726,7215,4101.285714285715,436,7,28709,resnet18,weighted,1,rand_aug,label_smoothing,1,0.28551185
1.8096430618623736,1900.5002885921315,16.548165137614678,48.0,130.99722265625,48.0,53.91082984810726,7215,4101.285714285715,436,7,28709,densenet121,weighted,0,rand_aug,class_balanced,11,0.2850833
1.8096430618623736,1900.5002885921315,16.548165137614678,48.0,130.99722265625,48.0,53.91082984810726,7215,4101.285714285715,436,7,28709,scratch_cnn,random,0,none,label_smoothing,1,0.2846982
1.8096430618623736,1900.5002885921315,16.548165137614678,48.0,130.99722265625,48.0,53.91082984810726,7215,4101.285714285715,436,7,28709,densenet121,weighted,0,rand_aug,label_smoothing,4,0.28429493
1.8096430618623736,1900.5002885921315,16.548165137614678,48.0,130.99722265625,48.0,53.91082984810726,7215,4101.285714285715,436,7,28709,densenet121,random,1,rand_aug,label_smoothing,4,0.2838775
1.8096430618623736,1900.5002885921315,16.548165137614678,48.0,130.99722265625,48.0,53.91082984810726,7215,4101.285714285715,436,7,28709,resnet18,weighted,0,none,class_balanced,4,0.28384823
1.8096430618623736,1900.5002885921315,16.548165137614678,48.0,130.99722265625,48.0,53.91082984810726,7215,4101.285714285715,436,7,28709,mobilenet_v2,weighted,0,rand_aug,cross_entropy,1,0.28379714
1.8096430618623736,1900.5002885921315,16.548165137614678,48.0,130.99722265625,48.0,53.91082984810726,7215,4101.285714285715,436,7,28709,mobilenet_v2,weighted,0,rand_aug,class_balanced,11,0.28211993
1.8096430618623736,1900.5002885921315,16.548165137614678,48.0,130.99722265625,48.0,53.91082984810726,7215,4101.285714285715,436,7,28709,densenet121,random,1,none,cross_entropy,4,0.28164524
1.8096430618623736,1900.5002885921315,16.548165137614678,48.0,130.99722265625,48.0,53.91082984810726,7215,4101.285714285715,436,7,28709,resnet18,random,0,none,label_smoothing,4,0.28135848
1.8096430618623736,1900.5002885921315,16.548165137614678,48.0,130.99722265625,48.0,53.91082984810726,7215,4101.285714285715,436,7,28709,efficientnet_b0,random,0,rand_aug,cross_entropy,4,0.2812577
1.8096430618623736,1900.5002885921315,16.548165137614678,48.0,130.99722265625,48.0,53.91082984810726,7215,4101.285714285715,436,7,28709,resnet18,random,0,none,class_balanced,4,0.2809884
1.8096430618623736,1900.5002885921315,16.548165137614678,48.0,130.99722265625,48.0,53.91082984810726,7215,4101.285714285715,436,7,28709,scratch_cnn,weighted,0,none,class_balanced,11,0.2809577
1.8096430618623736,1900.5002885921315,16.548165137614678,48.0,130.99722265625,48.0,53.91082984810726,7215,4101.285714285715,436,7,28709,mobilenet_v2,weighted,1,rand_aug,label_smoothing,1,0.2807574
1.8096430618623736,1900.5002885921315,16.548165137614678,48.0,130.99722265625,48.0,53.91082984810726,7215,4101.285714285715,436,7,28709,resnet18,weighted,0,none,cross_entropy,1,0.28028965
1.8096430618623736,1900.5002885921315,16.548165137614678,48.0,130.99722265625,48.0,53.91082984810726,7215,4101.285714285715,436,7,28709,efficientnet_b0,random,0,none,cross_entropy,4,0.28013206
1.8096430618623736,1900.5002885921315,16.548165137614678,48.0,130.99722265625,48.0,53.91082984810726,7215,4101.285714285715,436,7,28709,mobilenet_v2,random,0,none,class_balanced,4,0.27974626
1.8096430618623736,1900.5002885921315,16.548165137614678,48.0,130.99722265625,48.0,53.91082984810726,7215,4101.285714285715,436,7,28709,mobilenet_v2,random,0,none,label_smoothing,4,0.2796321
1.8096430618623736,1900.5002885921315,16.548165137614678,48.0,130.99722265625,48.0,53.91082984810726,7215,4101.285714285715,436,7,28709,densenet121,random,0,none,label_smoothing,4,0.27932385
1.8096430618623736,1900.5002885921315,16.548165137614678,48.0,130.99722265625,48.0,53.91082984810726,7215,4101.285714285715,436,7,28709,efficientnet_b0,weighted,0,none,cross_entropy,1,0.2792358
1.8096430618623736,1900.5002885921315,16.548165137614678,48.0,130.99722265625,48.0,53.91082984810726,7215,4101.285714285715,436,7,28709,densenet121,weighted,1,rand_aug,cross_entropy,4,0.2789906
1.8096430618623736,1900.5002885921315,16.548165137614678,48.0,130.99722265625,48.0,53.91082984810726,7215,4101.285714285715,436,7,28709,resnet18,random,0,rand_aug,class_balanced,4,0.27853435
1.8096430618623736,1900.5002885921315,16.548165137614678,48.0,130.99722265625,48.0,53.91082984810726,7215,4101.285714285715,436,7,28709,densenet121,random,0,none,cross_entropy,4,0.27819026
1.8096430618623736,1900.5002885921315,16.548165137614678,48.0,130.99722265625,48.0,53.91082984810726,7215,4101.285714285715,436,7,28709,resnet18,random,1,rand_aug,class_balanced,1,0.27816054
1.8096430618623736,1900.5002885921315,16.548165137614678,48.0,130.99722265625,48.0,53.91082984810726,7215,4101.285714285715,436,7,28709,mobilenet_v2,weighted,0,none,cross_entropy,1,0.27814746
1.8096430618623736,1900.5002885921315,16.548165137614678,48.0,130.99722265625,48.0,53.91082984810726,7215,4101.285714285715,436,7,28709,efficientnet_b0,weighted,0,none,label_smoothing,1,0.27812922
1.8096430618623736,1900.5002885921315,16.548165137614678,48.0,130.99722265625,48.0,53.91082984810726,7215,4101.285714285715,436,7,28709,resnet18,weighted,0,none,label_smoothing,1,0.2777391
1.8096430618623736,1900.5002885921315,16.548165137614678,48.0,130.99722265625,48.0,53.91082984810726,7215,4101.285714285715,436,7,28709,resnet18,random,0,none,cross_entropy,4,0.2773134
1.8096430618623736,1900.5002885921315,16.548165137614678,48.0,130.99722265625,48.0,53.91082984810726,7215,4101.285714285715,436,7,28709,resnet18,weighted,0,rand_aug,cross_entropy,1,0.2772109
1.8096430618623736,1900.5002885921315,16.548165137614678,48.0,130.99722265625,48.0,53.91082984810726,7215,4101.285714285715,436,7,28709,mobilenet_v2,random,0,none,cross_entropy,4,0.27689257
1.8096430618623736,1900.5002885921315,16.548165137614678,48.0,130.99722265625,48.0,53.91082984810726,7215,4101.285714285715,436,7,28709,mobilenet_v2,random,0,rand_aug,class_balanced,4,0.27663282
1.8096430618623736,1900.5002885921315,16.548165137614678,48.0,130.99722265625,48.0,53.91082984810726,7215,4101.285714285715,436,7,28709,mobilenet_v2,random,0,rand_aug,label_smoothing,4,0.2758754
1.8096430618623736,1900.5002885921315,16.548165137614678,48.0,130.99722265625,48.0,53.91082984810726,7215,4101.285714285715,436,7,28709,mobilenet_v2,weighted,1,rand_aug,class_balanced,4,0.27570933
1.8096430618623736,1900.5002885921315,16.548165137614678,48.0,130.99722265625,48.0,53.91082984810726,7215,4101.285714285715,436,7,28709,resnet18,random,0,rand_aug,label_smoothing,4,0.275709
1.8096430618623736,1900.5002885921315,16.548165137614678,48.0,130.99722265625,48.0,53.91082984810726,7215,4101.285714285715,436,7,28709,scratch_cnn,weighted,0,none,cross_entropy,1,0.2756668
1.8096430618623736,1900.5002885921315,16.548165137614678,48.0,130.99722265625,48.0,53.91082984810726,7215,4101.285714285715,436,7,28709,densenet121,random,0,rand_aug,label_smoothing,4,0.2755099
1.8096430618623736,1900.5002885921315,16.548165137614678,48.0,130.99722265625,48.0,53.91082984810726,7215,4101.285714285715,436,7,28709,resnet18,random,0,rand_aug,cross_entropy,4,0.27547818
1.8096430618623736,1900.5002885921315,16.548165137614678,48.0,130.99722265625,48.0,53.91082984810726,7215,4101.285714285715,436,7,28709,densenet121,random,0,rand_aug,cross_entropy,4,0.27495575
1.8096430618623736,1900.5002885921315,16.548165137614678,48.0,130.99722265625,48.0,53.91082984810726,7215,4101.285714285715,436,7,28709,mobilenet_v2,random,0,rand_aug,cross_entropy,4,0.27483812
1.8096430618623736,1900.5002885921315,16.548165137614678,48.0,130.99722265625,48.0,53.91082984810726,7215,4101.285714285715,436,7,28709,scratch_cnn,random,0,rand_aug,label_smoothing,1,0.274482
1.8096430618623736,1900.5002885921315,16.548165137614678,48.0,130.99722265625,48.0,53.91082984810726,7215,4101.285714285715,436,7,28709,densenet121,random,1,rand_aug,cross_entropy,4,0.27446705
1.8096430618623736,1900.5002885921315,16.548165137614678,48.0,130.99722265625,48.0,53.91082984810726,7215,4101.285714285715,436,7,28709,resnet18,weighted,0,rand_aug,class_balanced,4,0.27445337
1.8096430618623736,1900.5002885921315,16.548165137614678,48.0,130.99722265625,48.0,53.91082984810726,7215,4101.285714285715,436,7,28709,resnet18,weighted,0,rand_aug,label_smoothing,1,0.27342963
1.8096430618623736,1900.5002885921315,16.548165137614678,48.0,130.99722265625,48.0,53.91082984810726,7215,4101.285714285715,436,7,28709,densenet121,weighted,1,none,class_balanced,4,0.2731725
1.8096430618623736,1900.5002885921315,16.548165137614678,48.0,130.99722265625,48.0,53.91082984810726,7215,4101.285714285715,436,7,28709,scratch_cnn,weighted,0,rand_aug,label_smoothing,1,0.27283615
1.8096430618623736,1900.5002885921315,16.548165137614678,48.0,130.99722265625,48.0,53.91082984810726,7215,4101.285714285715,436,7,28709,efficientnet_b0,weighted,0,rand_aug,class_balanced,4,0.27273262
1.8096430618623736,1900.5002885921315,16.548165137614678,48.0,130.99722265625,48.0,53.91082984810726,7215,4101.285714285715,436,7,28709,scratch_cnn,random,0,rand_aug,class_balanced,4,0.2726012
1.8096430618623736,1900.5002885921315,16.548165137614678,48.0,130.99722265625,48.0,53.91082984810726,7215,4101.285714285715,436,7,28709,densenet121,random,0,none,class_balanced,4,0.27220783
1.8096430618623736,1900.5002885921315,16.548165137614678,48.0,130.99722265625,48.0,53.91082984810726,7215,4101.285714285715,436,7,28709,efficientnet_b0,weighted,0,rand_aug,cross_entropy,1,0.27149767
1.8096430618623736,1900.5002885921315,16.548165137614678,48.0,130.99722265625,48.0,53.91082984810726,7215,4101.285714285715,436,7,28709,efficientnet_b0,weighted,0,rand_aug,label_smoothing,1,0.27062052
1.8096430618623736,1900.5002885921315,16.548165137614678,48.0,130.99722265625,48.0,53.91082984810726,7215,4101.285714285715,436,7,28709,mobilenet_v2,weighted,0,rand_aug,label_smoothing,1,0.270545
1.8096430618623736,1900.5002885921315,16.548165137614678,48.0,130.99722265625,48.0,53.91082984810726,7215,4101.285714285715,436,7,28709,mobilenet_v2,weighted,0,none,label_smoothing,1,0.26952583
1.8096430618623736,1900.5002885921315,16.548165137614678,48.0,130.99722265625,48.0,53.91082984810726,7215,4101.285714285715,436,7,28709,mobilenet_v2,weighted,0,none,class_balanced,4,0.26776952
1.8096430618623736,1900.5002885921315,16.548165137614678,48.0,130.99722265625,48.0,53.91082984810726,7215,4101.285714285715,436,7,28709,resnet18,weighted,1,rand_aug,cross_entropy,1,0.26671675
1.8096430618623736,1900.5002885921315,16.548165137614678,48.0,130.99722265625,48.0,53.91082984810726,7215,4101.285714285715,436,7,28709,densenet121,random,0,rand_aug,class_balanced,4,0.26596376
1.8096430618623736,1900.5002885921315,16.548165137614678,48.0,130.99722265625,48.0,53.91082984810726,7215,4101.285714285715,436,7,28709,scratch_cnn,random,1,none,label_smoothing,11,0.265819
1.8096430618623736,1900.5002885921315,16.548165137614678,48.0,130.99722265625,48.0,53.91082984810726,7215,4101.285714285715,436,7,28709,efficientnet_b0,random,0,none,label_smoothing,1,0.2657807
1.8096430618623736,1900.5002885921315,16.548165137614678,48.0,130.99722265625,48.0,53.91082984810726,7215,4101.285714285715,436,7,28709,densenet121,weighted,0,none,class_balanced,4,0.2653798
1.8096430618623736,1900.5002885921315,16.548165137614678,48.0,130.99722265625,48.0,53.91082984810726,7215,4101.285714285715,436,7,28709,resnet18,random,0,none,class_balanced,1,0.2631914
1.8096430618623736,1900.5002885921315,16.548165137614678,48.0,130.99722265625,48.0,53.91082984810726,7215,4101.285714285715,436,7,28709,mobilenet_v2,random,0,none,class_balanced,1,0.2629953
1.8096430618623736,1900.5002885921315,16.548165137614678,48.0,130.99722265625,48.0,53.91082984810726,7215,4101.285714285715,436,7,28709,resnet18,random,0,none,label_smoothing,1,0.2613335
1.8096430618623736,1900.5002885921315,16.548165137614678,48.0,130.99722265625,48.0,53.91082984810726,7215,4101.285714285715,436,7,28709,densenet121,weighted,0,none,cross_entropy,1,0.2611907
1.8096430618623736,1900.5002885921315,16.548165137614678,48.0,130.99722265625,48.0,53.91082984810726,7215,4101.285714285715,436,7,28709,efficientnet_b0,random,0,none,class_balanced,1,0.26041684
1.8096430618623736,1900.5002885921315,16.548165137614678,48.0,130.99722265625,48.0,53.91082984810726,7215,4101.285714285715,436,7,28709,mobilenet_v2,weighted,1,rand_aug,cross_entropy,1,0.25954926
1.8096430618623736,1900.5002885921315,16.548165137614678,48.0,130.99722265625,48.0,53.91082984810726,7215,4101.285714285715,436,7,28709,mobilenet_v2,random,0,none,label_smoothing,1,0.25940475
1.8096430618623736,1900.5002885921315,16.548165137614678,48.0,130.99722265625,48.0,53.91082984810726,7215,4101.285714285715,436,7,28709,resnet18,random,0,rand_aug,class_balanced,1,0.25931185
1.8096430618623736,1900.5002885921315,16.548165137614678,48.0,130.99722265625,48.0,53.91082984810726,7215,4101.285714285715,436,7,28709,mobilenet_v2,random,0,rand_aug,cross_entropy,1,0.2592042
1.8096430618623736,1900.5002885921315,16.548165137614678,48.0,130.99722265625,48.0,53.91082984810726,7215,4101.285714285715,436,7,28709,scratch_cnn,random,0,none,cross_entropy,1,0.25873277
1.8096430618623736,1900.5002885921315,16.548165137614678,48.0,130.99722265625,48.0,53.91082984810726,7215,4101.285714285715,436,7,28709,efficientnet_b0,random,0,rand_aug,label_smoothing,1,0.25823918
1.8096430618623736,1900.5002885921315,16.548165137614678,48.0,130.99722265625,48.0,53.91082984810726,7215,4101.285714285715,436,7,28709,densenet121,weighted,0,none,label_smoothing,1,0.25806415
1.8096430618623736,1900.5002885921315,16.548165137614678,48.0,130.99722265625,48.0,53.91082984810726,7215,4101.285714285715,436,7,28709,mobilenet_v2,random,0,rand_aug,label_smoothing,1,0.25776386
1.8096430618623736,1900.5002885921315,16.548165137614678,48.0,130.99722265625,48.0,53.91082984810726,7215,4101.285714285715,436,7,28709,resnet18,random,0,rand_aug,label_smoothing,1,0.25717732
1.8096430618623736,1900.5002885921315,16.548165137614678,48.0,130.99722265625,48.0,53.91082984810726,7215,4101.285714285715,436,7,28709,mobilenet_v2,random,0,none,cross_entropy,1,0.25642592
1.8096430618623736,1900.5002885921315,16.548165137614678,48.0,130.99722265625,48.0,53.91082984810726,7215,4101.285714285715,436,7,28709,resnet18,random,0,none,cross_entropy,1,0.2558552
1.8096430618623736,1900.5002885921315,16.548165137614678,48.0,130.99722265625,48.0,53.91082984810726,7215,4101.285714285715,436,7,28709,resnet18,random,0,rand_aug,cross_entropy,1,0.25444514
1.8096430618623736,1900.5002885921315,16.548165137614678,48.0,130.99722265625,48.0,53.91082984810726,7215,4101.285714285715,436,7,28709,mobilenet_v2,random,0,rand_aug,class_balanced,1,0.25391018
1.8096430618623736,1900.5002885921315,16.548165137614678,48.0,130.99722265625,48.0,53.91082984810726,7215,4101.285714285715,436,7,28709,densenet121,random,1,none,class_balanced,1,0.25279453
1.8096430618623736,1900.5002885921315,16.548165137614678,48.0,130.99722265625,48.0,53.91082984810726,7215,4101.285714285715,436,7,28709,scratch_cnn,weighted,0,rand_aug,cross_entropy,1,0.2525344
1.8096430618623736,1900.5002885921315,16.548165137614678,48.0,130.99722265625,48.0,53.91082984810726,7215,4101.285714285715,436,7,28709,densenet121,weighted,1,none,label_smoothing,1,0.252068
1.8096430618623736,1900.5002885921315,16.548165137614678,48.0,130.99722265625,48.0,53.91082984810726,7215,4101.285714285715,436,7,28709,densenet121,weighted,1,rand_aug,class_balanced,4,0.25206378
1.8096430618623736,1900.5002885921315,16.548165137614678,48.0,130.99722265625,48.0,53.91082984810726,7215,4101.285714285715,436,7,28709,efficientnet_b0,random,0,none,cross_entropy,1,0.25204897
1.8096430618623736,1900.5002885921315,16.548165137614678,48.0,130.99722265625,48.0,53.91082984810726,7215,4101.285714285715,436,7,28709,scratch_cnn,random,0,rand_aug,cross_entropy,1,0.251935
1.8096430618623736,1900.5002885921315,16.548165137614678,48.0,130.99722265625,48.0,53.91082984810726,7215,4101.285714285715,436,7,28709,densenet121,weighted,0,rand_aug,label_smoothing,1,0.25111037
1.8096430618623736,1900.5002885921315,16.548165137614678,48.0,130.99722265625,48.0,53.91082984810726,7215,4101.285714285715,436,7,28709,densenet121,weighted,0,rand_aug,cross_entropy,1,0.25004905
1.8096430618623736,1900.5002885921315,16.548165137614678,48.0,130.99722265625,48.0,53.91082984810726,7215,4101.285714285715,436,7,28709,efficientnet_b0,random,0,rand_aug,cross_entropy,1,0.25003532
1.8096430618623736,1900.5002885921315,16.548165137614678,48.0,130.99722265625,48.0,53.91082984810726,7215,4101.285714285715,436,7,28709,densenet121,random,0,none,label_smoothing,1,0.25002503
1.8096430618623736,1900.5002885921315,16.548165137614678,48.0,130.99722265625,48.0,53.91082984810726,7215,4101.285714285715,436,7,28709,densenet121,random,0,none,cross_entropy,1,0.24799173
1.8096430618623736,1900.5002885921315,16.548165137614678,48.0,130.99722265625,48.0,53.91082984810726,7215,4101.285714285715,436,7,28709,densenet121,weighted,0,rand_aug,class_balanced,4,0.24713883
1.8096430618623736,1900.5002885921315,16.548165137614678,48.0,130.99722265625,48.0,53.91082984810726,7215,4101.285714285715,436,7,28709,densenet121,random,1,none,label_smoothing,1,0.24703601
1.8096430618623736,1900.5002885921315,16.548165137614678,48.0,130.99722265625,48.0,53.91082984810726,7215,4101.285714285715,436,7,28709,mobilenet_v2,weighted,0,rand_aug,class_balanced,4,0.24679905
1.8096430618623736,1900.5002885921315,16.548165137614678,48.0,130.99722265625,48.0,53.91082984810726,7215,4101.285714285715,436,7,28709,efficientnet_b0,random,0,rand_aug,class_balanced,1,0.24630415
1.8096430618623736,1900.5002885921315,16.548165137614678,48.0,130.99722265625,48.0,53.91082984810726,7215,4101.285714285715,436,7,28709,densenet121,random,0,rand_aug,label_smoothing,1,0.24560748
1.8096430618623736,1900.5002885921315,16.548165137614678,48.0,130.99722265625,48.0,53.91082984810726,7215,4101.285714285715,436,7,28709,scratch_cnn,random,1,none,cross_entropy,11,0.2440955
1.8096430618623736,1900.5002885921315,16.548165137614678,48.0,130.99722265625,48.0,53.91082984810726,7215,4101.285714285715,436,7,28709,densenet121,random,0,rand_aug,cross_entropy,1,0.24403164
1.8096430618623736,1900.5002885921315,16.548165137614678,48.0,130.99722265625,48.0,53.91082984810726,7215,4101.285714285715,436,7,28709,scratch_cnn,weighted,0,rand_aug,class_balanced,11,0.24377233
1.8096430618623736,1900.5002885921315,16.548165137614678,48.0,130.99722265625,48.0,53.91082984810726,7215,4101.285714285715,436,7,28709,resnet18,weighted,0,none,class_balanced,1,0.24350044
1.8096430618623736,1900.5002885921315,16.548165137614678,48.0,130.99722265625,48.0,53.91082984810726,7215,4101.285714285715,436,7,28709,densenet121,random,0,none,class_balanced,1,0.24063215
1.8096430618623736,1900.5002885921315,16.548165137614678,48.0,130.99722265625,48.0,53.91082984810726,7215,4101.285714285715,436,7,28709,densenet121,random,1,rand_aug,class_balanced,1,0.24027717
1.8096430618623736,1900.5002885921315,16.548165137614678,48.0,130.99722265625,48.0,53.91082984810726,7215,4101.285714285715,436,7,28709,scratch_cnn,random,1,rand_aug,label_smoothing,11,0.24012189
1.8096430618623736,1900.5002885921315,16.548165137614678,48.0,130.99722265625,48.0,53.91082984810726,7215,4101.285714285715,436,7,28709,scratch_cnn,random,0,none,class_balanced,1,0.23795643
1.8096430618623736,1900.5002885921315,16.548165137614678,48.0,130.99722265625,48.0,53.91082984810726,7215,4101.285714285715,436,7,28709,densenet121,random,1,none,cross_entropy,1,0.2329263
1.8096430618623736,1900.5002885921315,16.548165137614678,48.0,130.99722265625,48.0,53.91082984810726,7215,4101.285714285715,436,7,28709,densenet121,random,1,rand_aug,label_smoothing,1,0.23258983
1.8096430618623736,1900.5002885921315,16.548165137614678,48.0,130.99722265625,48.0,53.91082984810726,7215,4101.285714285715,436,7,28709,resnet18,weighted,1,none,class_balanced,1,0.23190627
1.8096430618623736,1900.5002885921315,16.548165137614678,48.0,130.99722265625,48.0,53.91082984810726,7215,4101.285714285715,436,7,28709,densenet121,weighted,1,none,cross_entropy,1,0.22991487
1.8096430618623736,1900.5002885921315,16.548165137614678,48.0,130.99722265625,48.0,53.91082984810726,7215,4101.285714285715,436,7,28709,densenet121,random,0,rand_aug,class_balanced,1,0.22990878
1.8096430618623736,1900.5002885921315,16.548165137614678,48.0,130.99722265625,48.0,53.91082984810726,7215,4101.285714285715,436,7,28709,scratch_cnn,weighted,1,none,label_smoothing,11,0.2289095
1.8096430618623736,1900.5002885921315,16.548165137614678,48.0,130.99722265625,48.0,53.91082984810726,7215,4101.285714285715,436,7,28709,densenet121,weighted,1,rand_aug,label_smoothing,1,0.22587249
1.8096430618623736,1900.5002885921315,16.548165137614678,48.0,130.99722265625,48.0,53.91082984810726,7215,4101.285714285715,436,7,28709,scratch_cnn,random,1,none,label_smoothing,4,0.22333558
1.8096430618623736,1900.5002885921315,16.548165137614678,48.0,130.99722265625,48.0,53.91082984810726,7215,4101.285714285715,436,7,28709,densenet121,random,1,rand_aug,cross_entropy,1,0.22296605
1.8096430618623736,1900.5002885921315,16.548165137614678,48.0,130.99722265625,48.0,53.91082984810726,7215,4101.285714285715,436,7,28709,mobilenet_v2,weighted,1,none,class_balanced,1,0.22089748
1.8096430618623736,1900.5002885921315,16.548165137614678,48.0,130.99722265625,48.0,53.91082984810726,7215,4101.285714285715,436,7,28709,resnet18,weighted,0,rand_aug,class_balanced,1,0.22018167
1.8096430618623736,1900.5002885921315,16.548165137614678,48.0,130.99722265625,48.0,53.91082984810726,7215,4101.285714285715,436,7,28709,scratch_cnn,random,1,rand_aug,cross_entropy,11,0.21894531
1.8096430618623736,1900.5002885921315,16.548165137614678,48.0,130.99722265625,48.0,53.91082984810726,7215,4101.285714285715,436,7,28709,scratch_cnn,weighted,0,none,class_balanced,4,0.21601218
1.8096430618623736,1900.5002885921315,16.548165137614678,48.0,130.99722265625,48.0,53.91082984810726,7215,4101.285714285715,436,7,28709,scratch_cnn,random,0,rand_aug,class_balanced,1,0.21277678
1.8096430618623736,1900.5002885921315,16.548165137614678,48.0,130.99722265625,48.0,53.91082984810726,7215,4101.285714285715,436,7,28709,scratch_cnn,weighted,1,none,cross_entropy,11,0.21202178
1.8096430618623736,1900.5002885921315,16.548165137614678,48.0,130.99722265625,48.0,53.91082984810726,7215,4101.285714285715,436,7,28709,densenet121,weighted,1,rand_aug,cross_entropy,1,0.2097185
1.8096430618623736,1900.5002885921315,16.548165137614678,48.0,130.99722265625,48.0,53.91082984810726,7215,4101.285714285715,436,7,28709,scratch_cnn,random,1,none,label_smoothing,1,0.20626721
1.8096430618623736,1900.5002885921315,16.548165137614678,48.0,130.99722265625,48.0,53.91082984810726,7215,4101.285714285715,436,7,28709,scratch_cnn,random,1,none,cross_entropy,4,0.20530933
1.8096430618623736,1900.5002885921315,16.548165137614678,48.0,130.99722265625,48.0,53.91082984810726,7215,4101.285714285715,436,7,28709,mobilenet_v2,weighted,0,none,class_balanced,1,0.2050135
1.8096430618623736,1900.5002885921315,16.548165137614678,48.0,130.99722265625,48.0,53.91082984810726,7215,4101.285714285715,436,7,28709,resnet18,weighted,1,rand_aug,class_balanced,1,0.20474342
1.8096430618623736,1900.5002885921315,16.548165137614678,48.0,130.99722265625,48.0,53.91082984810726,7215,4101.285714285715,436,7,28709,densenet121,weighted,0,none,class_balanced,1,0.20453092
1.8096430618623736,1900.5002885921315,16.548165137614678,48.0,130.99722265625,48.0,53.91082984810726,7215,4101.285714285715,436,7,28709,densenet121,weighted,1,none,class_balanced,1,0.20283356
1.8096430618623736,1900.5002885921315,16.548165137614678,48.0,130.99722265625,48.0,53.91082984810726,7215,4101.285714285715,436,7,28709,scratch_cnn,random,1,rand_aug,label_smoothing,4,0.20114487
1.8096430618623736,1900.5002885921315,16.548165137614678,48.0,130.99722265625,48.0,53.91082984810726,7215,4101.285714285715,436,7,28709,scratch_cnn,random,1,rand_aug,label_smoothing,1,0.20027173
1.8096430618623736,1900.5002885921315,16.548165137614678,48.0,130.99722265625,48.0,53.91082984810726,7215,4101.285714285715,436,7,28709,efficientnet_b0,weighted,0,none,class_balanced,1,0.19990228
1.8096430618623736,1900.5002885921315,16.548165137614678,48.0,130.99722265625,48.0,53.91082984810726,7215,4101.285714285715,436,7,28709,scratch_cnn,random,1,none,class_balanced,11,0.19875926
1.8096430618623736,1900.5002885921315,16.548165137614678,48.0,130.99722265625,48.0,53.91082984810726,7215,4101.285714285715,436,7,28709,mobilenet_v2,weighted,1,rand_aug,class_balanced,1,0.19759545
1.8096430618623736,1900.5002885921315,16.548165137614678,48.0,130.99722265625,48.0,53.91082984810726,7215,4101.285714285715,436,7,28709,scratch_cnn,weighted,1,rand_aug,label_smoothing,11,0.19554883
1.8096430618623736,1900.5002885921315,16.548165137614678,48.0,130.99722265625,48.0,53.91082984810726,7215,4101.285714285715,436,7,28709,scratch_cnn,random,1,none,cross_entropy,1,0.18801811
1.8096430618623736,1900.5002885921315,16.548165137614678,48.0,130.99722265625,48.0,53.91082984810726,7215,4101.285714285715,436,7,28709,scratch_cnn,weighted,1,rand_aug,cross_entropy,11,0.18151999
1.8096430618623736,1900.5002885921315,16.548165137614678,48.0,130.99722265625,48.0,53.91082984810726,7215,4101.285714285715,436,7,28709,mobilenet_v2,weighted,0,rand_aug,class_balanced,1,0.18072571
1.8096430618623736,1900.5002885921315,16.548165137614678,48.0,130.99722265625,48.0,53.91082984810726,7215,4101.285714285715,436,7,28709,scratch_cnn,random,1,rand_aug,cross_entropy,4,0.17910665
1.8096430618623736,1900.5002885921315,16.548165137614678,48.0,130.99722265625,48.0,53.91082984810726,7215,4101.285714285715,436,7,28709,scratch_cnn,random,1,rand_aug,cross_entropy,1,0.17581227
1.8096430618623736,1900.5002885921315,16.548165137614678,48.0,130.99722265625,48.0,53.91082984810726,7215,4101.285714285715,436,7,28709,efficientnet_b0,weighted,0,rand_aug,class_balanced,1,0.17486809
1.8096430618623736,1900.5002885921315,16.548165137614678,48.0,130.99722265625,48.0,53.91082984810726,7215,4101.285714285715,436,7,28709,scratch_cnn,weighted,0,rand_aug,class_balanced,4,0.17476872
1.8096430618623736,1900.5002885921315,16.548165137614678,48.0,130.99722265625,48.0,53.91082984810726,7215,4101.285714285715,436,7,28709,densenet121,weighted,0,rand_aug,class_balanced,1,0.17347704
1.8096430618623736,1900.5002885921315,16.548165137614678,48.0,130.99722265625,48.0,53.91082984810726,7215,4101.285714285715,436,7,28709,densenet121,weighted,1,rand_aug,class_balanced,1,0.1730065
1.8096430618623736,1900.5002885921315,16.548165137614678,48.0,130.99722265625,48.0,53.91082984810726,7215,4101.285714285715,436,7,28709,scratch_cnn,random,1,rand_aug,class_balanced,11,0.17298359
1.8096430618623736,1900.5002885921315,16.548165137614678,48.0,130.99722265625,48.0,53.91082984810726,7215,4101.285714285715,436,7,28709,scratch_cnn,weighted,1,none,label_smoothing,4,0.17218363
1.8096430618623736,1900.5002885921315,16.548165137614678,48.0,130.99722265625,48.0,53.91082984810726,7215,4101.285714285715,436,7,28709,scratch_cnn,weighted,1,none,label_smoothing,1,0.16344683
1.8096430618623736,1900.5002885921315,16.548165137614678,48.0,130.99722265625,48.0,53.91082984810726,7215,4101.285714285715,436,7,28709,scratch_cnn,weighted,1,none,class_balanced,11,0.16159034
1.8096430618623736,1900.5002885921315,16.548165137614678,48.0,130.99722265625,48.0,53.91082984810726,7215,4101.285714285715,436,7,28709,scratch_cnn,weighted,1,none,cross_entropy,4,0.16033524
1.8096430618623736,1900.5002885921315,16.548165137614678,48.0,130.99722265625,48.0,53.91082984810726,7215,4101.285714285715,436,7,28709,scratch_cnn,weighted,0,none,class_balanced,1,0.1564841
1.8096430618623736,1900.5002885921315,16.548165137614678,48.0,130.99722265625,48.0,53.91082984810726,7215,4101.285714285715,436,7,28709,scratch_cnn,random,1,none,class_balanced,1,0.1535042
1.8096430618623736,1900.5002885921315,16.548165137614678,48.0,130.99722265625,48.0,53.91082984810726,7215,4101.285714285715,436,7,28709,scratch_cnn,random,1,none,class_balanced,4,0.1513076
1.8096430618623736,1900.5002885921315,16.548165137614678,48.0,130.99722265625,48.0,53.91082984810726,7215,4101.285714285715,436,7,28709,scratch_cnn,weighted,1,none,cross_entropy,1,0.14739946
1.8096430618623736,1900.5002885921315,16.548165137614678,48.0,130.99722265625,48.0,53.91082984810726,7215,4101.285714285715,436,7,28709,scratch_cnn,weighted,1,rand_aug,label_smoothing,4,0.14529218
1.8096430618623736,1900.5002885921315,16.548165137614678,48.0,130.99722265625,48.0,53.91082984810726,7215,4101.285714285715,436,7,28709,scratch_cnn,weighted,1,rand_aug,label_smoothing,1,0.13873506
1.8096430618623736,1900.5002885921315,16.548165137614678,48.0,130.99722265625,48.0,53.91082984810726,7215,4101.285714285715,436,7,28709,scratch_cnn,weighted,1,rand_aug,class_balanced,11,0.13764115
1.8096430618623736,1900.5002885921315,16.548165137614678,48.0,130.99722265625,48.0,53.91082984810726,7215,4101.285714285715,436,7,28709,scratch_cnn,weighted,0,rand_aug,class_balanced,1,0.13584152
1.8096430618623736,1900.5002885921315,16.548165137614678,48.0,130.99722265625,48.0,53.91082984810726,7215,4101.285714285715,436,7,28709,scratch_cnn,weighted,1,rand_aug,cross_entropy,4,0.13185486
1.8096430618623736,1900.5002885921315,16.548165137614678,48.0,130.99722265625,48.0,53.91082984810726,7215,4101.285714285715,436,7,28709,scratch_cnn,random,1,rand_aug,class_balanced,1,0.13085756
1.8096430618623736,1900.5002885921315,16.548165137614678,48.0,130.99722265625,48.0,53.91082984810726,7215,4101.285714285715,436,7,28709,scratch_cnn,weighted,1,rand_aug,cross_entropy,1,0.12644312
1.8096430618623736,1900.5002885921315,16.548165137614678,48.0,130.99722265625,48.0,53.91082984810726,7215,4101.285714285715,436,7,28709,scratch_cnn,random,1,rand_aug,class_balanced,4,0.11858513
1.8096430618623736,1900.5002885921315,16.548165137614678,48.0,130.99722265625,48.0,53.91082984810726,7215,4101.285714285715,436,7,28709,scratch_cnn,weighted,1,none,class_balanced,4,0.11348891
1.8096430618623736,1900.5002885921315,16.548165137614678,48.0,130.99722265625,48.0,53.91082984810726,7215,4101.285714285715,436,7,28709,scratch_cnn,weighted,1,none,class_balanced,1,0.107111305
1.8096430618623736,1900.5002885921315,16.548165137614678,48.0,130.99722265625,48.0,53.91082984810726,7215,4101.285714285715,436,7,28709,scratch_cnn,weighted,1,rand_aug,class_balanced,4,0.09246363
1.8096430618623736,1900.5002885921315,16.548165137614678,48.0,130.99722265625,48.0,53.91082984810726,7215,4101.285714285715,436,7,28709,scratch_cnn,weighted,1,rand_aug,class_balanced,1,0.08537381
