class_balance_entropy,class_count_std,imbalance_ratio,img_mean_height,img_mean_pixel_value,img_mean_width,img_std_pixel_value,max_class_count,mean_class_count,min_class_count,n_classes,n_samples,model,sampler,resize,augmentation,loss,epochs_trained,compute_time_sec
1.8096430618623736,1900.5002885921315,16.548165137614678,48.0,130.99722265625,48.0,53.91082984810726,7215,4101.285714285715,436,7,28709,scratch_cnn,weighted,0,none,class_balanced,1,14.285551
1.8096430618623736,1900.5002885921315,16.548165137614678,48.0,130.99722265625,48.0,53.91082984810726,7215,4101.285714285715,436,7,28709,scratch_cnn,weighted,0,none,cross_entropy,1,14.608477
1.8096430618623736,1900.5002885921315,16.548165137614678,48.0,130.99722265625,48.0,53.91082984810726,7215,4101.285714285715,436,7,28709,scratch_cnn,random,0,none,class_balanced,1,14.701756
1.8096430618623736,1900.5002885921315,16.548165137614678,48.0,130.99722265625,48.0,53.91082984810726,7215,4101.285714285715,436,7,28709,scratch_cnn,weighted,0,rand_aug,cross_entropy,1,14.71559
1.8096430618623736,1900.5002885921315,16.548165137614678,48.0,130.99722265625,48.0,53.91082984810726,7215,4101.285714285715,436,7,28709,scratch_cnn,weighted,0,rand_aug,class_balanced,1,14.975627
1.8096430618623736,1900.5002885921315,16.548165137614678,48.0,130.99722265625,48.0,53.91082984810726,7215,4101.285714285715,436,7,28709,scratch_cnn,weighted,0,none,label_smoothing,1,15.1539345
1.8096430618623736,1900.5002885921315,16.548165137614678,48.0,130.99722265625,48.0,53.91082984810726,7215,4101.285714285715,436,7,28709,scratch_cnn,random,0,none,cross_entropy,1,15.165369
1.8096430618623736,1900.5002885921315,16.548165137614678,48.0,130.99722265625,48.0,53.91082984810726,7215,4101.285714285715,436,7,28709,scratch_cnn,random,0,none,label_smoothing,1,15.558212
1.8096430618623736,1900.5002885921315,16.548165137614678,48.0,130.99722265625,48.0,53.91082984810726,7215,4101.285714285715,436,7,28709,scratch_cnn,weighted,0,rand_aug,label_smoothing,1,15.648385
1.8096430618623736,1900.5002885921315,16.548165137614678,48.0,130.99722265625,48.0,53.91082984810726,7215,4101.285714285715,436,7,28709,scratch_cnn,random,0,rand_aug,class_balanced,1,15.8235855
1.8096430618623736,1900.5002885921315,16.548165137614678,48.0,130.99722265625,48.0,53.91082984810726,7215,4101.285714285715,436,7,28709,scratch_cnn,random,0,rand_aug,cross_entropy,1,16.469852
1.8096430618623736,1900.5002885921315,16.548165137614678,48.0,130.99722265625,48.0,53.91082984810726,7215,4101.285714285715,436,7,28709,scratch_cnn,random,0,rand_aug,label_smoothing,1,16.494478
1.8096430618623736,1900.5002885921315,16.548165137614678,48.0,130.99722265625,48.0,53.91082984810726,7215,4101.285714285715,436,7,28709,resnet18,weighted,0,rand_aug,cross_entropy,1,16.608131
1.8096430618623736,1900.5002885921315,16.548165137614678,48.0,130.99722265625,48.0,53.91082984810726,7215,4101.285714285715,436,7,28709,resnet18,weighted,0,rand_aug,label_smoothing,1,17.689623
1.8096430618623736,1900.5002885921315,16.548165137614678,48.0,130.99722265625,48.0,53.91082984810726,7215,4101.285714285715,436,7,28709,resnet18,weighted,0,rand_aug,class_balanced,1,17.87114
1.8096430618623736,1900.5002885921315,16.548165137614678,48.0,130.99722265625,48.0,53.91082984810726,7215,4101.285714285715,436,7,28709,resnet18,random,0,rand_aug,cross_entropy,1,18.3014
1.8096430618623736,1900.5002885921315,16.548165137614678,48.0,130.99722265625,48.0,53.91082984810726,7215,4101.285714285715,436,7,28709,resnet18,random,0,none,class_balanced,1,18.4264
1.8096430618623736,1900.5002885921315,16.548165137614678,48.0,130.99722265625,48.0,53.91082984810726,7215,4101.285714285715,436,7,28709,resnet18,random,0,rand_aug,label_smoothing,1,18.44558
1.8096430618623736,1900.5002885921315,16.548165137614678,48.0,130.99722265625,48.0,53.91082984810726,7215,4101.285714285715,436,7,28709,resnet18,weighted,0,none,cross_entropy,1,18.612448
1.8096430618623736,1900.5002885921315,16.548165137614678,48.0,130.99722265625,48.0,53.91082984810726,7215,4101.285714285715,436,7,28709,resnet18,weighted,0,none,class_balanced,1,18.674818
1.8096430618623736,1900.5002885921315,16.548165137614678,48.0,130.99722265625,48.0,53.91082984810726,7215,4101.285714285715,436,7,28709,resnet18,random,0,none,cross_entropy,1,18.913265
1.8096430618623736,1900.5002885921315,16.548165137614678,48.0,130.99722265625,48.0,53.91082984810726,7215,4101.285714285715,436,7,28709,resnet18,random,0,rand_aug,class_balanced,1,19.184624
1.8096430618623736,1900.5002885921315,16.548165137614678,48.0,130.99722265625,48.0,53.91082984810726,7215,4101.285714285715,436,7,28709,resnet18,random,0,none,label_smoothing,1,19.83035
1.8096430618623736,1900.5002885921315,16.548165137614678,48.0,130.99722265625,48.0,53.91082984810726,7215,4101.285714285715,436,7,28709,resnet18,weighted,0,none,label_smoothing,1,20.020603
1.8096430618623736,1900.5002885921315,16.548165137614678,48.0,130.99722265625,48.0,53.91082984810726,7215,4101.285714285715,436,7,28709,mobilenet_v2,weighted,0,rand_aug,class_balanced,1,20.681515
1.8096430618623736,1900.5002885921315,16.548165137614678,48.0,130.99722265625,48.0,53.91082984810726,7215,4101.285714285715,436,7,28709,mobilenet_v2,weighted,0,rand_aug,label_smoothing,1,21.773312
1.8096430618623736,1900.5002885921315,16.548165137614678,48.0,130.99722265625,48.0,53.91082984810726,7215,4101.285714285715,436,7,28709,mobilenet_v2,random,0,rand_aug,class_balanced,1,22.762444
1.8096430618623736,1900.5002885921315,16.548165137614678,48.0,130.99722265625,48.0,53.91082984810726,7215,4101.285714285715,436,7,28709,mobilenet_v2,random,0,rand_aug,label_smoothing,1,22.947792
1.8096430618623736,1900.5002885921315,16.548165137614678,48.0,130.99722265625,48.0,53.91082984810726,7215,4101.285714285715,436,7,28709,mobilenet_v2,weighted,0,none,label_smoothing,1,23.52367
1.8096430618623736,1900.5002885921315,16.548165137614678,48.0,130.99722265625,48.0,53.91082984810726,7215,4101.285714285715,436,7,28709,mobilenet_v2,weighted,0,rand_aug,cross_entropy,1,23.558834
1.8096430618623736,1900.5002885921315,16.548165137614678,48.0,130.99722265625,48.0,53.91082984810726,7215,4101.285714285715,436,7,28709,mobilenet_v2,random,0,rand_aug,cross_entropy,1,24.342278
1.8096430618623736,1900.5002885921315,16.548165137614678,48.0,130.99722265625,48.0,53.91082984810726,7215,4101.285714285715,436,7,28709,mobilenet_v2,weighted,0,none,class_balanced,1,24.530336
1.8096430618623736,1900.5002885921315,16.548165137614678,48.0,130.99722265625,48.0,53.91082984810726,7215,4101.285714285715,436,7,28709,mobilenet_v2,random,0,none,label_smoothing,1,25.698452
1.8096430618623736,1900.5002885921315,16.548165137614678,48.0,130.99722265625,48.0,53.91082984810726,7215,4101.285714285715,436,7,28709,mobilenet_v2,weighted,0,none,cross_entropy,1,25.73714
1.8096430618623736,1900.5002885921315,16.548165137614678,48.0,130.99722265625,48.0,53.91082984810726,7215,4101.285714285715,436,7,28709,mobilenet_v2,random,0,none,class_balanced,1,26.889803
1.8096430618623736,1900.5002885921315,16.548165137614678,48.0,130.99722265625,48.0,53.91082984810726,7215,4101.285714285715,436,7,28709,mobilenet_v2,random,0,none,cross_entropy,1,27.138725
1.8096430618623736,1900.5002885921315,16.548165137614678,48.0,130.99722265625,48.0,53.91082984810726,7215,4101.285714285715,436,7,28709,efficientnet_b0,weighted,0,rand_aug,class_balanced,1,29.218128
1.8096430618623736,1900.5002885921315,16.548165137614678,48.0,130.99722265625,48.0,53.91082984810726,7215,4101.285714285715,436,7,28709,efficientnet_b0,random,0,rand_aug,class_balanced,1,29.569838
1.8096430618623736,1900.5002885921315,16.548165137614678,48.0,130.99722265625,48.0,53.91082984810726,7215,4101.285714285715,436,7,28709,efficientnet_b0,weighted,0,rand_aug,label_smoothing,1,29.86969
1.8096430618623736,1900.5002885921315,16.548165137614678,48.0,130.99722265625,48.0,53.91082984810726,7215,4101.285714285715,436,7,28709,efficientnet_b0,random,0,rand_aug,label_smoothing,1,29.92632
1.8096430618623736,1900.5002885921315,16.548165137614678,48.0,130.99722265625,48.0,53.91082984810726,7215,4101.285714285715,436,7,28709,efficientnet_b0,weighted,0,rand_aug,cross_entropy,1,31.837143
1.8096430618623736,1900.5002885921315,16.548165137614678,48.0,130.99722265625,48.0,53.91082984810726,7215,4101.285714285715,436,7,28709,efficientnet_b0,random,0,rand_aug,cross_entropy,1,32.452484
1.8096430618623736,1900.5002885921315,16.548165137614678,48.0,130.99722265625,48.0,53.91082984810726,7215,4101.285714285715,436,7,28709,efficientnet_b0,random,0,none,label_smoothing,1,41.04624
1.8096430618623736,1900.5002885921315,16.548165137614678,48.0,130.99722265625,48.0,53.91082984810726,7215,4101.285714285715,436,7,28709,efficientnet_b0,random,0,none,class_balanced,1,42.37146
1.8096430618623736,1900.5002885921315,16.548165137614678,48.0,130.99722265625,48.0,53.91082984810726,7215,4101.285714285715,436,7,28709,densenet121,weighted,0,rand_aug,label_smoothing,1,43.358597
1.8096430618623736,1900.5002885921315,16.548165137614678,48.0,130.99722265625,48.0,53.91082984810726,7215,4101.285714285715,436,7,28709,efficientnet_b0,weighted,0,none,label_smoothing,1,44.194073
1.8096430618623736,1900.5002885921315,16.548165137614678,48.0,130.99722265625,48.0,53.91082984810726,7215,4101.285714285715,436,7,28709,efficientnet_b0,random,0,none,cross_entropy,1,44.92334
1.8096430618623736,1900.5002885921315,16.548165137614678,48.0,130.99722265625,48.0,53.91082984810726,7215,4101.285714285715,436,7,28709,densenet121,weighted,0,rand_aug,class_balanced,1,45.297535
1.8096430618623736,1900.5002885921315,16.548165137614678,48.0,130.99722265625,48.0,53.91082984810726,7215,4101.285714285715,436,7,28709,efficientnet_b0,weighted,0,none,class_balanced,1,46.31644
1.8096430618623736,1900.5002885921315,16.548165137614678,48.0,130.99722265625,48.0,53.91082984810726,7215,4101.285714285715,436,7,28709,densenet121,random,0,rand_aug,label_smoothing,1,46.963192
1.8096430618623736,1900.5002885921315,16.548165137614678,48.0,130.99722265625,48.0,53.91082984810726,7215,4101.285714285715,436,7,28709,densenet121,random,0,rand_aug,class_balanced,1,47.72576
1.8096430618623736,1900.5002885921315,16.548165137614678,48.0,130.99722265625,48.0,53.91082984810726,7215,4101.285714285715,436,7,28709,densenet121,weighted,0,rand_aug,cross_entropy,1,50.927696
1.8096430618623736,1900.5002885921315,16.548165137614678,48.0,130.99722265625,48.0,53.91082984810726,7215,4101.285714285715,436,7,28709,efficientnet_b0,weighted,0,none,cross_entropy,1,52.417904
1.8096430618623736,1900.5002885921315,16.548165137614678,48.0,130.99722265625,48.0,53.91082984810726,7215,4101.285714285715,436,7,28709,densenet121,random,0,rand_aug,cross_entropy,1,56.90695
1.8096430618623736,1900.5002885921315,16.548165137614678,48.0,130.99722265625,48.0,53.91082984810726,7215,4101.285714285715,436,7,28709,densenet121,random,0,none,class_balanced,1,59.34127
1.8096430618623736,1900.5002885921315,16.548165137614678,48.0,130.99722265625,48.0,53.91082984810726,7215,4101.285714285715,436,7,28709,scratch_cnn,weighted,0,none,cross_entropy,4,60.015747
1.8096430618623736,1900.5002885921315,16.548165137614678,48.0,130.99722265625,48.0,53.91082984810726,7215,4101.285714285715,436,7,28709,scratch_cnn,weighted,1,none,cross_entropy,1,61.286167
1.8096430618623736,1900.5002885921315,16.548165137614678,48.0,130.99722265625,48.0,53.91082984810726,7215,4101.285714285715,436,7,28709,scratch_cnn,random,1,none,cross_entropy,1,62.279427
1.8096430618623736,1900.5002885921315,16.548165137614678,48.0,130.99722265625,48.0,53.91082984810726,7215,4101.285714285715,436,7,28709,scratch_cnn,weighted,1,none,label_smoothing,1,63.080666
1.8096430618623736,1900.5002885921315,16.548165137614678,48.0,130.99722265625,48.0,53.91082984810726,7215,4101.285714285715,436,7,28709,scratch_cnn,random,1,none,class_balanced,1,63.296906
1.8096430618623736,1900.5002885921315,16.548165137614678,48.0,130.99722265625,48.0,53.91082984810726,7215,4101.285714285715,436,7,28709,scratch_cnn,random,0,none,cross_entropy,4,63.514297
1.8096430618623736,1900.5002885921315,16.548165137614678,48.0,130.99722265625,48.0,53.91082984810726,7215,4101.285714285715,436,7,28709,densenet121,random,0,none,label_smoothing,1,63.72307
1.8096430618623736,1900.5002885921315,16.548165137614678,48.0,130.99722265625,48.0,53.91082984810726,7215,4101.285714285715,436,7,28709,resnet18,weighted,1,none,label_smoothing,1,64.45979
1.8096430618623736,1900.5002885921315,16.548165137614678,48.0,130.99722265625,48.0,53.91082984810726,7215,4101.285714285715,436,7,28709,scratch_cnn,random,1,none,label_smoothing,1,64.54613
1.8096430618623736,1900.5002885921315,16.548165137614678,48.0,130.99722265625,48.0,53.91082984810726,7215,4101.285714285715,436,7,28709,scratch_cnn,weighted,1,none,class_balanced,1,64.576164
1.8096430618623736,1900.5002885921315,16.548165137614678,48.0,130.99722265625,48.0,53.91082984810726,7215,4101.285714285715,436,7,28709,densenet121,weighted,0,none,class_balanced,1,64.848206
1.8096430618623736,1900.5002885921315,16.548165137614678,48.0,130.99722265625,48.0,53.91082984810726,7215,4101.285714285715,436,7,28709,scratch_cnn,weighted,0,none,class_balanced,4,64.90004
1.8096430618623736,1900.5002885921315,16.548165137614678,48.0,130.99722265625,48.0,53.91082984810726,7215,4101.285714285715,436,7,28709,scratch_cnn,weighted,0,none,label_smoothing,4,64.945114
1.8096430618623736,1900.5002885921315,16.548165137614678,48.0,130.99722265625,48.0,53.91082984810726,7215,4101.285714285715,436,7,28709,scratch_cnn,random,0,none,label_smoothing,4,65.10777
1.8096430618623736,1900.5002885921315,16.548165137614678,48.0,130.99722265625,48.0,53.91082984810726,7215,4101.285714285715,436,7,28709,resnet18,weighted,1,none,cross_entropy,1,65.33472
1.8096430618623736,1900.5002885921315,16.548165137614678,48.0,130.99722265625,48.0,53.91082984810726,7215,4101.285714285715,436,7,28709,scratch_cnn,random,0,none,class_balanced,4,65.89375
1.8096430618623736,1900.5002885921315,16.548165137614678,48.0,130.99722265625,48.0,53.91082984810726,7215,4101.285714285715,436,7,28709,densenet121,weighted,0,none,label_smoothing,1,67.086555
1.8096430618623736,1900.5002885921315,16.548165137614678,48.0,130.99722265625,48.0,53.91082984810726,7215,4101.285714285715,436,7,28709,scratch_cnn,weighted,0,rand_aug,cross_entropy,4,67.21596
1.8096430618623736,1900.5002885921315,16.548165137614678,48.0,130.99722265625,48.0,53.91082984810726,7215,4101.285714285715,436,7,28709,densenet121,weighted,0,none,cross_entropy,1,68.02351
1.8096430618623736,1900.5002885921315,16.548165137614678,48.0,130.99722265625,48.0,53.91082984810726,7215,4101.285714285715,436,7,28709,resnet18,weighted,1,none,class_balanced,1,68.02988
1.8096430618623736,1900.5002885921315,16.548165137614678,48.0,130.99722265625,48.0,53.91082984810726,7215,4101.285714285715,436,7,28709,resnet18,random,1,none,label_smoothing,1,68.05679
1.8096430618623736,1900.5002885921315,16.548165137614678,48.0,130.99722265625,48.0,53.91082984810726,7215,4101.285714285715,436,7,28709,resnet18,weighted,0,none,cross_entropy,4,68.4575
1.8096430618623736,1900.5002885921315,16.548165137614678,48.0,130.99722265625,48.0,53.91082984810726,7215,4101.285714285715,436,7,28709,scratch_cnn,random,0,rand_aug,cross_entropy,4,69.761116
1.8096430618623736,1900.5002885921315,16.548165137614678,48.0,130.99722265625,48.0,53.91082984810726,7215,4101.285714285715,436,7,28709,scratch_cnn,weighted,0,rand_aug,class_balanced,4,69.87294
1.8096430618623736,1900.5002885921315,16.548165137614678,48.0,130.99722265625,48.0,53.91082984810726,7215,4101.285714285715,436,7,28709,scratch_cnn,weighted,1,rand_aug,class_balanced,1,70.08995
1.8096430618623736,1900.5002885921315,16.548165137614678,48.0,130.99722265625,48.0,53.91082984810726,7215,4101.285714285715,436,7,28709,scratch_cnn,weighted,1,rand_aug,label_smoothing,1,70.86388
1.8096430618623736,1900.5002885921315,16.548165137614678,48.0,130.99722265625,48.0,53.91082984810726,7215,4101.285714285715,436,7,28709,scratch_cnn,weighted,1,rand_aug,cross_entropy,1,71.10222
1.8096430618623736,1900.5002885921315,16.548165137614678,48.0,130.99722265625,48.0,53.91082984810726,7215,4101.285714285715,436,7,28709,resnet18,random,0,none,cross_entropy,4,71.10596
1.8096430618623736,1900.5002885921315,16.548165137614678,48.0,130.99722265625,48.0,53.91082984810726,7215,4101.285714285715,436,7,28709,scratch_cnn,weighted,0,rand_aug,label_smoothing,4,71.56206
1.8096430618623736,1900.5002885921315,16.548165137614678,48.0,130.99722265625,48.0,53.91082984810726,7215,4101.285714285715,436,7,28709,resnet18,weighted,1,rand_aug,class_balanced,1,71.56633
1.8096430618623736,1900.5002885921315,16.548165137614678,48.0,130.99722265625,48.0,53.91082984810726,7215,4101.285714285715,436,7,28709,densenet121,random,0,none,cross_entropy,1,71.82163
1.8096430618623736,1900.5002885921315,16.548165137614678,48.0,130.99722265625,48.0,53.91082984810726,7215,4101.285714285715,436,7,28709,resnet18,random,1,none,cross_entropy,1,71.98359
1.8096430618623736,1900.5002885921315,16.548165137614678,48.0,130.99722265625,48.0,53.91082984810726,7215,4101.285714285715,436,7,28709,resnet18,random,1,none,class_balanced,1,72.150314
1.8096430618623736,1900.5002885921315,16.548165137614678,48.0,130.99722265625,48.0,53.91082984810726,7215,4101.285714285715,436,7,28709,resnet18,weighted,0,none,class_balanced,4,72.2106
1.8096430618623736,1900.5002885921315,16.548165137614678,48.0,130.99722265625,48.0,53.91082984810726,7215,4101.285714285715,436,7,28709,scratch_cnn,random,1,rand_aug,class_balanced,1,72.782326
1.8096430618623736,1900.5002885921315,16.548165137614678,48.0,130.99722265625,48.0,53.91082984810726,7215,4101.285714285715,436,7,28709,scratch_cnn,random,1,rand_aug,label_smoothing,1,72.86337
1.8096430618623736,1900.5002885921315,16.548165137614678,48.0,130.99722265625,48.0,53.91082984810726,7215,4101.285714285715,436,7,28709,resnet18,weighted,1,rand_aug,cross_entropy,1,72.91752
1.8096430618623736,1900.5002885921315,16.548165137614678,48.0,130.99722265625,48.0,53.91082984810726,7215,4101.285714285715,436,7,28709,resnet18,weighted,1,rand_aug,label_smoothing,1,72.94777
1.8096430618623736,1900.5002885921315,16.548165137614678,48.0,130.99722265625,48.0,53.91082984810726,7215,4101.285714285715,436,7,28709,scratch_cnn,random,0,rand_aug,class_balanced,4,73.09267
1.8096430618623736,1900.5002885921315,16.548165137614678,48.0,130.99722265625,48.0,53.91082984810726,7215,4101.285714285715,436,7,28709,scratch_cnn,random,1,rand_aug,cross_entropy,1,73.131836
1.8096430618623736,1900.5002885921315,16.548165137614678,48.0,130.99722265625,48.0,53.91082984810726,7215,4101.285714285715,436,7,28709,scratch_cnn,random,0,rand_aug,label_smoothing,4,73.826584
1.8096430618623736,1900.5002885921315,16.548165137614678,48.0,130.99722265625,48.0,53.91082984810726,7215,4101.285714285715,436,7,28709,resnet18,random,1,rand_aug,label_smoothing,1,75.56454
1.8096430618623736,1900.5002885921315,16.548165137614678,48.0,130.99722265625,48.0,53.91082984810726,7215,4101.285714285715,436,7,28709,resnet18,random,0,none,class_balanced,4,76.41083
1.8096430618623736,1900.5002885921315,16.548165137614678,48.0,130.99722265625,48.0,53.91082984810726,7215,4101.285714285715,436,7,28709,resnet18,random,0,none,label_smoothing,4,76.425354
1.8096430618623736,1900.5002885921315,16.548165137614678,48.0,130.99722265625,48.0,53.91082984810726,7215,4101.285714285715,436,7,28709,resnet18,weighted,0,none,label_smoothing,4,76.87337
1.8096430618623736,1900.5002885921315,16.548165137614678,48.0,130.99722265625,48.0,53.91082984810726,7215,4101.285714285715,436,7,28709,resnet18,random,1,rand_aug,class_balanced,1,76.87665
1.8096430618623736,1900.5002885921315,16.548165137614678,48.0,130.99722265625,48.0,53.91082984810726,7215,4101.285714285715,436,7,28709,resnet18,random,1,rand_aug,cross_entropy,1,77.706604
1.8096430618623736,1900.5002885921315,16.548165137614678,48.0,130.99722265625,48.0,53.91082984810726,7215,4101.285714285715,436,7,28709,mobilenet_v2,weighted,1,none,cross_entropy,1,81.23915
1.8096430618623736,1900.5002885921315,16.548165137614678,48.0,130.99722265625,48.0,53.91082984810726,7215,4101.285714285715,436,7,28709,mobilenet_v2,weighted,1,rand_aug,class_balanced,1,81.665985
1.8096430618623736,1900.5002885921315,16.548165137614678,48.0,130.99722265625,48.0,53.91082984810726,7215,4101.285714285715,436,7,28709,resnet18,random,0,rand_aug,label_smoothing,4,83.6099
1.8096430618623736,1900.5002885921315,16.548165137614678,48.0,130.99722265625,48.0,53.91082984810726,7215,4101.285714285715,436,7,28709,mobilenet_v2,random,0,none,cross_entropy,4,83.68918
1.8096430618623736,1900.5002885921315,16.548165137614678,48.0,130.99722265625,48.0,53.91082984810726,7215,4101.285714285715,436,7,28709,resnet18,weighted,0,rand_aug,cross_entropy,4,83.86439
1.8096430618623736,1900.5002885921315,16.548165137614678,48.0,130.99722265625,48.0,53.91082984810726,7215,4101.285714285715,436,7,28709,mobilenet_v2,random,1,rand_aug,class_balanced,1,83.98135
1.8096430618623736,1900.5002885921315,16.548165137614678,48.0,130.99722265625,48.0,53.91082984810726,7215,4101.285714285715,436,7,28709,resnet18,random,0,rand_aug,cross_entropy,4,84.46285
1.8096430618623736,1900.5002885921315,16.548165137614678,48.0,130.99722265625,48.0,53.91082984810726,7215,4101.285714285715,436,7,28709,mobilenet_v2,random,1,none,class_balanced,1,85.064865
1.8096430618623736,1900.5002885921315,16.548165137614678,48.0,130.99722265625,48.0,53.91082984810726,7215,4101.285714285715,436,7,28709,resnet18,weighted,0,rand_aug,class_balanced,4,85.39493
1.8096430618623736,1900.5002885921315,16.548165137614678,48.0,130.99722265625,48.0,53.91082984810726,7215,4101.285714285715,436,7,28709,mobilenet_v2,weighted,1,rand_aug,cross_entropy,1,85.46123
1.8096430618623736,1900.5002885921315,16.548165137614678,48.0,130.99722265625,48.0,53.91082984810726,7215,4101.285714285715,436,7,28709,resnet18,weighted,0,rand_aug,label_smoothing,4,85.47397
1.8096430618623736,1900.5002885921315,16.548165137614678,48.0,130.99722265625,48.0,53.91082984810726,7215,4101.285714285715,436,7,28709,mobilenet_v2,weighted,1,rand_aug,label_smoothing,1,85.51669
1.8096430618623736,1900.5002885921315,16.548165137614678,48.0,130.99722265625,48.0,53.91082984810726,7215,4101.285714285715,436,7,28709,mobilenet_v2,weighted,1,none,class_balanced,1,85.85271
1.8096430618623736,1900.5002885921315,16.548165137614678,48.0,130.99722265625,48.0,53.91082984810726,7215,4101.285714285715,436,7,28709,mobilenet_v2,weighted,1,none,label_smoothing,1,86.77032
1.8096430618623736,1900.5002885921315,16.548165137614678,48.0,130.99722265625,48.0,53.91082984810726,7215,4101.285714285715,436,7,28709,resnet18,random,0,rand_aug,class_balanced,4,86.966125
1.8096430618623736,1900.5002885921315,16.548165137614678,48.0,130.99722265625,48.0,53.91082984810726,7215,4101.285714285715,436,7,28709,mobilenet_v2,random,1,rand_aug,label_smoothing,1,87.23562
1.8096430618623736,1900.5002885921315,16.548165137614678,48.0,130.99722265625,48.0,53.91082984810726,7215,4101.285714285715,436,7,28709,mobilenet_v2,random,0,none,class_balanced,4,88.41378
1.8096430618623736,1900.5002885921315,16.548165137614678,48.0,130.99722265625,48.0,53.91082984810726,7215,4101.285714285715,436,7,28709,mobilenet_v2,weighted,0,none,cross_entropy,4,88.42594
1.8096430618623736,1900.5002885921315,16.548165137614678,48.0,130.99722265625,48.0,53.91082984810726,7215,4101.285714285715,436,7,28709,mobilenet_v2,weighted,0,none,class_balanced,4,88.75186
1.8096430618623736,1900.5002885921315,16.548165137614678,48.0,130.99722265625,48.0,53.91082984810726,7215,4101.285714285715,436,7,28709,mobilenet_v2,random,1,none,label_smoothing,1,89.34216
1.8096430618623736,1900.5002885921315,16.548165137614678,48.0,130.99722265625,48.0,53.91082984810726,7215,4101.285714285715,436,7,28709,mobilenet_v2,random,1,none,cross_entropy,1,90.83829
1.8096430618623736,1900.5002885921315,16.548165137614678,48.0,130.99722265625,48.0,53.91082984810726,7215,4101.285714285715,436,7,28709,mobilenet_v2,random,1,rand_aug,cross_entropy,1,92.91233
1.8096430618623736,1900.5002885921315,16.548165137614678,48.0,130.99722265625,48.0,53.91082984810726,7215,4101.285714285715,436,7,28709,mobilenet_v2,random,0,none,label_smoothing,4,92.97742
1.8096430618623736,1900.5002885921315,16.548165137614678,48.0,130.99722265625,48.0,53.91082984810726,7215,4101.285714285715,436,7,28709,mobilenet_v2,weighted,0,none,label_smoothing,4,93.37929
1.8096430618623736,1900.5002885921315,16.548165137614678,48.0,130.99722265625,48.0,53.91082984810726,7215,4101.285714285715,436,7,28709,mobilenet_v2,random,0,rand_aug,cross_entropy,4,94.22598
1.8096430618623736,1900.5002885921315,16.548165137614678,48.0,130.99722265625,48.0,53.91082984810726,7215,4101.285714285715,436,7,28709,mobilenet_v2,weighted,0,rand_aug,cross_entropy,4,94.68086
1.8096430618623736,1900.5002885921315,16.548165137614678,48.0,130.99722265625,48.0,53.91082984810726,7215,4101.285714285715,436,7,28709,efficientnet_b0,random,1,rand_aug,class_balanced,1,94.79708
1.8096430618623736,1900.5002885921315,16.548165137614678,48.0,130.99722265625,48.0,53.91082984810726,7215,4101.285714285715,436,7,28709,mobilenet_v2,weighted,0,rand_aug,class_balanced,4,95.482254
1.8096430618623736,1900.5002885921315,16.548165137614678,48.0,130.99722265625,48.0,53.91082984810726,7215,4101.285714285715,436,7,28709,mobilenet_v2,weighted,0,rand_aug,label_smoothing,4,95.75689
1.8096430618623736,1900.5002885921315,16.548165137614678,48.0,130.99722265625,48.0,53.91082984810726,7215,4101.285714285715,436,7,28709,mobilenet_v2,random,0,rand_aug,class_balanced,4,96.557205
1.8096430618623736,1900.5002885921315,16.548165137614678,48.0,130.99722265625,48.0,53.91082984810726,7215,4101.285714285715,436,7,28709,mobilenet_v2,random,0,rand_aug,label_smoothing,4,97.16019
1.8096430618623736,1900.5002885921315,16.548165137614678,48.0,130.99722265625,48.0,53.91082984810726,7215,4101.285714285715,436,7,28709,efficientnet_b0,random,1,rand_aug,cross_entropy,1,98.06984
1.8096430618623736,1900.5002885921315,16.548165137614678,48.0,130.99722265625,48.0,53.91082984810726,7215,4101.285714285715,436,7,28709,efficientnet_b0,random,1,rand_aug,label_smoothing,1,98.934845
1.8096430618623736,1900.5002885921315,16.548165137614678,48.0,130.99722265625,48.0,53.91082984810726,7215,4101.285714285715,436,7,28709,efficientnet_b0,weighted,1,rand_aug,class_balanced,1,100.60626
1.8096430618623736,1900.5002885921315,16.548165137614678,48.0,130.99722265625,48.0,53.91082984810726,7215,4101.285714285715,436,7,28709,efficientnet_b0,weighted,1,rand_aug,cross_entropy,1,101.15756
1.8096430618623736,1900.5002885921315,16.548165137614678,48.0,130.99722265625,48.0,53.91082984810726,7215,4101.285714285715,436,7,28709,efficientnet_b0,weighted,1,rand_aug,label_smoothing,1,102.65419
1.8096430618623736,1900.5002885921315,16.548165137614678,48.0,130.99722265625,48.0,53.91082984810726,7215,4101.285714285715,436,7,28709,efficientnet_b0,random,0,none,cross_entropy,4,106.870895
1.8096430618623736,1900.5002885921315,16.548165137614678,48.0,130.99722265625,48.0,53.91082984810726,7215,4101.285714285715,436,7,28709,efficientnet_b0,random,1,none,class_balanced,1,109.93404
1.8096430618623736,1900.5002885921315,16.548165137614678,48.0,130.99722265625,48.0,53.91082984810726,7215,4101.285714285715,436,7,28709,efficientnet_b0,weighted,0,rand_aug,label_smoothing,4,110.86663
1.8096430618623736,1900.5002885921315,16.548165137614678,48.0,130.99722265625,48.0,53.91082984810726,7215,4101.285714285715,436,7,28709,efficientnet_b0,weighted,0,rand_aug,cross_entropy,4,111.34601
1.8096430618623736,1900.5002885921315,16.548165137614678,48.0,130.99722265625,48.0,53.91082984810726,7215,4101.285714285715,436,7,28709,efficientnet_b0,weighted,0,rand_aug,class_balanced,4,112.9124
1.8096430618623736,1900.5002885921315,16.548165137614678,48.0,130.99722265625,48.0,53.91082984810726,7215,4101.285714285715,436,7,28709,efficientnet_b0,random,0,rand_aug,label_smoothing,4,113.42518
1.8096430618623736,1900.5002885921315,16.548165137614678,48.0,130.99722265625,48.0,53.91082984810726,7215,4101.285714285715,436,7,28709,efficientnet_b0,random,0,none,class_balanced,4,114.39151
1.8096430618623736,1900.5002885921315,16.548165137614678,48.0,130.99722265625,48.0,53.91082984810726,7215,4101.285714285715,436,7,28709,efficientnet_b0,random,0,rand_aug,class_balanced,4,114.43829
1.8096430618623736,1900.5002885921315,16.548165137614678,48.0,130.99722265625,48.0,53.91082984810726,7215,4101.285714285715,436,7,28709,efficientnet_b0,random,0,rand_aug,cross_entropy,4,114.93677
1.8096430618623736,1900.5002885921315,16.548165137614678,48.0,130.99722265625,48.0,53.91082984810726,7215,4101.285714285715,436,7,28709,efficientnet_b0,random,1,none,cross_entropy,1,115.46205
1.8096430618623736,1900.5002885921315,16.548165137614678,48.0,130.99722265625,48.0,53.91082984810726,7215,4101.285714285715,436,7,28709,efficientnet_b0,random,0,none,label_smoothing,4,119.809006
1.8096430618623736,1900.5002885921315,16.548165137614678,48.0,130.99722265625,48.0,53.91082984810726,7215,4101.285714285715,436,7,28709,efficientnet_b0,weighted,1,none,class_balanced,1,124.39141
1.8096430618623736,1900.5002885921315,16.548165137614678,48.0,130.99722265625,48.0,53.91082984810726,7215,4101.285714285715,436,7,28709,efficientnet_b0,random,1,none,label_smoothing,1,124.480774
1.8096430618623736,1900.5002885921315,16.548165137614678,48.0,130.99722265625,48.0,53.91082984810726,7215,4101.285714285715,436,7,28709,efficientnet_b0,weighted,0,none,cross_entropy,4,125.29663
1.8096430618623736,1900.5002885921315,16.548165137614678,48.0,130.99722265625,48.0,53.91082984810726,7215,4101.285714285715,436,7,28709,efficientnet_b0,weighted,1,none,cross_entropy,1,125.69541
1.8096430618623736,1900.5002885921315,16.548165137614678,48.0,130.99722265625,48.0,53.91082984810726,7215,4101.285714285715,436,7,28709,densenet121,random,1,rand_aug,cross_entropy,1,125.87933
1.8096430618623736,1900.5002885921315,16.548165137614678,48.0,130.99722265625,48.0,53.91082984810726,7215,4101.285714285715,436,7,28709,efficientnet_b0,weighted,0,none,label_smoothing,4,128.93738
1.8096430618623736,1900.5002885921315,16.548165137614678,48.0,130.99722265625,48.0,53.91082984810726,7215,4101.285714285715,436,7,28709,densenet121,random,1,rand_aug,label_smoothing,1,130.98074
1.8096430618623736,1900.5002885921315,16.548165137614678,48.0,130.99722265625,48.0,53.91082984810726,7215,4101.285714285715,436,7,28709,densenet121,weighted,1,rand_aug,class_balanced,1,131.9856
1.8096430618623736,1900.5002885921315,16.548165137614678,48.0,130.99722265625,48.0,53.91082984810726,7215,4101.285714285715,436,7,28709,densenet121,random,1,rand_aug,class_balanced,1,133.32692
1.8096430618623736,1900.5002885921315,16.548165137614678,48.0,130.99722265625,48.0,53.91082984810726,7215,4101.285714285715,436,7,28709,efficientnet_b0,weighted,0,none,class_balanced,4,134.1922
1.8096430618623736,1900.5002885921315,16.548165137614678,48.0,130.99722265625,48.0,53.91082984810726,7215,4101.285714285715,436,7,28709,efficientnet_b0,weighted,1,none,label_smoothing,1,137.01678
1.8096430618623736,1900.5002885921315,16.548165137614678,48.0,130.99722265625,48.0,53.91082984810726,7215,4101.285714285715,436,7,28709,scratch_cnn,weighted,0,rand_aug,cross_entropy,11,144.83208
1.8096430618623736,1900.5002885921315,16.548165137614678,48.0,130.99722265625,48.0,53.91082984810726,7215,4101.285714285715,436,7,28709,densenet121,weighted,1,rand_aug,cross_entropy,1,146.26463
1.8096430618623736,1900.5002885921315,16.548165137614678,48.0,130.99722265625,48.0,53.91082984810726,7215,4101.285714285715,436,7,28709,scratch_cnn,weighted,0,none,cross_entropy,11,147.26053
1.8096430618623736,1900.5002885921315,16.548165137614678,48.0,130.99722265625,48.0,53.91082984810726,7215,4101.285714285715,436,7,28709,scratch_cnn,weighted,0,none,class_balanced,11,148.53735
1.8096430618623736,1900.5002885921315,16.548165137614678,48.0,130.99722265625,48.0,53.91082984810726,7215,4101.285714285715,436,7,28709,densenet121,random,1,none,class_balanced,1,149.05928
1.8096430618623736,1900.5002885921315,16.548165137614678,48.0,130.99722265625,48.0,53.91082984810726,7215,4101.285714285715,436,7,28709,densenet121,weighted,1,rand_aug,label_smoothing,1,153.88626
1.8096430618623736,1900.5002885921315,16.548165137614678,48.0,130.99722265625,48.0,53.91082984810726,7215,4101.285714285715,436,7,28709,scratch_cnn,weighted,0,rand_aug,class_balanced,11,154.35333
1.8096430618623736,1900.5002885921315,16.548165137614678,48.0,130.99722265625,48.0,53.91082984810726,7215,4101.285714285715,436,7,28709,scratch_cnn,random,0,none,cross_entropy,11,156.09204
1.8096430618623736,1900.5002885921315,16.548165137614678,48.0,130.99722265625,48.0,53.91082984810726,7215,4101.285714285715,436,7,28709,scratch_cnn,random,0,none,class_balanced,11,158.04019
1.8096430618623736,1900.5002885921315,16.548165137614678,48.0,130.99722265625,48.0,53.91082984810726,7215,4101.285714285715,436,7,28709,densenet121,weighted,1,none,class_balanced,1,158.54309
1.8096430618623736,1900.5002885921315,16.548165137614678,48.0,130.99722265625,48.0,53.91082984810726,7215,4101.285714285715,436,7,28709,densenet121,random,1,none,cross_entropy,1,158.7119
1.8096430618623736,1900.5002885921315,16.548165137614678,48.0,130.99722265625,48.0,53.91082984810726,7215,4101.285714285715,436,7,28709,scratch_cnn,random,0,rand_aug,cross_entropy,11,159.1221
1.8096430618623736,1900.5002885921315,16.548165137614678,48.0,130.99722265625,48.0,53.91082984810726,7215,4101.285714285715,436,7,28709,scratch_cnn,weighted,0,none,label_smoothing,11,161.39136
1.8096430618623736,1900.5002885921315,16.548165137614678,48.0,130.99722265625,48.0,53.91082984810726,7215,4101.285714285715,436,7,28709,scratch_cnn,random,0,none,label_smoothing,11,161.81816
1.8096430618623736,1900.5002885921315,16.548165137614678,48.0,130.99722265625,48.0,53.91082984810726,7215,4101.285714285715,436,7,28709,densenet121,random,1,none,label_smoothing,1,162.2635
1.8096430618623736,1900.5002885921315,16.548165137614678,48.0,130.99722265625,48.0,53.91082984810726,7215,4101.285714285715,436,7,28709,densenet121,weighted,1,none,label_smoothing,1,162.65152
1.8096430618623736,1900.5002885921315,16.548165137614678,48.0,130.99722265625,48.0,53.91082984810726,7215,4101.285714285715,436,7,28709,scratch_cnn,random,0,rand_aug,class_balanced,11,164.85765
1.8096430618623736,1900.5002885921315,16.548165137614678,48.0,130.99722265625,48.0,53.91082984810726,7215,4101.285714285715,436,7,28709,scratch_cnn,weighted,0,rand_aug,label_smoothing,11,166.44998
1.8096430618623736,1900.5002885921315,16.548165137614678,48.0,130.99722265625,48.0,53.91082984810726,7215,4101.285714285715,436,7,28709,densenet121,weighted,0,rand_aug,class_balanced,4,173.35786
1.8096430618623736,1900.5002885921315,16.548165137614678,48.0,130.99722265625,48.0,53.91082984810726,7215,4101.285714285715,436,7,28709,resnet18,weighted,0,none,cross_entropy,11,173.76033
1.8096430618623736,1900.5002885921315,16.548165137614678,48.0,130.99722265625,48.0,53.91082984810726,7215,4101.285714285715,436,7,28709,scratch_cnn,random,0,rand_aug,label_smoothing,11,174.58511
1.8096430618623736,1900.5002885921315,16.548165137614678,48.0,130.99722265625,48.0,53.91082984810726,7215,4101.285714285715,436,7,28709,densenet121,weighted,0,rand_aug,label_smoothing,4,174.81577
1.8096430618623736,1900.5002885921315,16.548165137614678,48.0,130.99722265625,48.0,53.91082984810726,7215,4101.285714285715,436,7,28709,resnet18,random,0,none,class_balanced,11,179.0408
1.8096430618623736,1900.5002885921315,16.548165137614678,48.0,130.99722265625,48.0,53.91082984810726,7215,4101.285714285715,436,7,28709,densenet121,random,0,rand_aug,label_smoothing,4,179.34148
1.8096430618623736,1900.5002885921315,16.548165137614678,48.0,130.99722265625,48.0,53.91082984810726,7215,4101.285714285715,436,7,28709,densenet121,weighted,0,rand_aug,cross_entropy,4,179.9412
1.8096430618623736,1900.5002885921315,16.548165137614678,48.0,130.99722265625,48.0,53.91082984810726,7215,4101.285714285715,436,7,28709,resnet18,weighted,0,rand_aug,cross_entropy,11,180.58151
1.8096430618623736,1900.5002885921315,16.548165137614678,48.0,130.99722265625,48.0,53.91082984810726,7215,4101.285714285715,436,7,28709,densenet121,random,0,rand_aug,class_balanced,4,180.95041
1.8096430618623736,1900.5002885921315,16.548165137614678,48.0,130.99722265625,48.0,53.91082984810726,7215,4101.285714285715,436,7,28709,resnet18,random,0,none,cross_entropy,11,182.26416
1.8096430618623736,1900.5002885921315,16.548165137614678,48.0,130.99722265625,48.0,53.91082984810726,7215,4101.285714285715,436,7,28709,resnet18,weighted,0,none,class_balanced,11,182.39426
1.8096430618623736,1900.5002885921315,16.548165137614678,48.0,130.99722265625,48.0,53.91082984810726,7215,4101.285714285715,436,7,28709,resnet18,weighted,0,rand_aug,class_balanced,11,183.30313
1.8096430618623736,1900.5002885921315,16.548165137614678,48.0,130.99722265625,48.0,53.91082984810726,7215,4101.285714285715,436,7,28709,resnet18,random,0,rand_aug,cross_entropy,11,185.00317
1.8096430618623736,1900.5002885921315,16.548165137614678,48.0,130.99722265625,48.0,53.91082984810726,7215,4101.285714285715,436,7,28709,densenet121,random,0,rand_aug,cross_entropy,4,186.43155
1.8096430618623736,1900.5002885921315,16.548165137614678,48.0,130.99722265625,48.0,53.91082984810726,7215,4101.285714285715,436,7,28709,resnet18,weighted,0,none,label_smoothing,11,186.83676
1.8096430618623736,1900.5002885921315,16.548165137614678,48.0,130.99722265625,48.0,53.91082984810726,7215,4101.285714285715,436,7,28709,densenet121,weighted,1,none,cross_entropy,1,191.87958
1.8096430618623736,1900.5002885921315,16.548165137614678,48.0,130.99722265625,48.0,53.91082984810726,7215,4101.285714285715,436,7,28709,resnet18,random,0,none,label_smoothing,11,192.59734
1.8096430618623736,1900.5002885921315,16.548165137614678,48.0,130.99722265625,48.0,53.91082984810726,7215,4101.285714285715,436,7,28709,resnet18,weighted,0,rand_aug,label_smoothing,11,192.79666
1.8096430618623736,1900.5002885921315,16.548165137614678,48.0,130.99722265625,48.0,53.91082984810726,7215,4101.285714285715,436,7,28709,resnet18,random,0,rand_aug,class_balanced,11,194.46364
1.8096430618623736,1900.5002885921315,16.548165137614678,48.0,130.99722265625,48.0,53.91082984810726,7215,4101.285714285715,436,7,28709,resnet18,random,0,rand_aug,label_smoothing,11,195.33185
1.8096430618623736,1900.5002885921315,16.548165137614678,48.0,130.99722265625,48.0,53.91082984810726,7215,4101.285714285715,436,7,28709,densenet121,random,0,none,class_balanced,4,201.36984
1.8096430618623736,1900.5002885921315,16.548165137614678,48.0,130.99722265625,48.0,53.91082984810726,7215,4101.285714285715,436,7,28709,densenet121,weighted,0,none,label_smoothing,4,201.8247
1.8096430618623736,1900.5002885921315,16.548165137614678,48.0,130.99722265625,48.0,53.91082984810726,7215,4101.285714285715,436,7,28709,scratch_cnn,weighted,1,none,cross_entropy,4,204.43442
1.8096430618623736,1900.5002885921315,16.548165137614678,48.0,130.99722265625,48.0,53.91082984810726,7215,4101.285714285715,436,7,28709,densenet121,weighted,0,none,class_balanced,4,205.25128
1.8096430618623736,1900.5002885921315,16.548165137614678,48.0,130.99722265625,48.0,53.91082984810726,7215,4101.285714285715,436,7,28709,scratch_cnn,random,1,none,cross_entropy,4,206.80782
1.8096430618623736,1900.5002885921315,16.548165137614678,48.0,130.99722265625,48.0,53.91082984810726,7215,4101.285714285715,436,7,28709,resnet18,weighted,1,none,label_smoothing,4,207.36615
1.8096430618623736,1900.5002885921315,16.548165137614678,48.0,130.99722265625,48.0,53.91082984810726,7215,4101.285714285715,436,7,28709,scratch_cnn,weighted,1,none,label_smoothing,4,208.80692
1.8096430618623736,1900.5002885921315,16.548165137614678,48.0,130.99722265625,48.0,53.91082984810726,7215,4101.285714285715,436,7,28709,densenet121,random,0,none,cross_entropy,4,209.22693
1.8096430618623736,1900.5002885921315,16.548165137614678,48.0,130.99722265625,48.0,53.91082984810726,7215,4101.285714285715,436,7,28709,mobilenet_v2,random,0,none,class_balanced,11,209.43835
1.8096430618623736,1900.5002885921315,16.548165137614678,48.0,130.99722265625,48.0,53.91082984810726,7215,4101.285714285715,436,7,28709,densenet121,random,0,none,label_smoothing,4,211.51595
1.8096430618623736,1900.5002885921315,16.548165137614678,48.0,130.99722265625,48.0,53.91082984810726,7215,4101.285714285715,436,7,28709,resnet18,weighted,1,none,cross_entropy,4,214.1431
1.8096430618623736,1900.5002885921315,16.548165137614678,48.0,130.99722265625,48.0,53.91082984810726,7215,4101.285714285715,436,7,28709,resnet18,random,1,none,cross_entropy,4,214.55132
1.8096430618623736,1900.5002885921315,16.548165137614678,48.0,130.99722265625,48.0,53.91082984810726,7215,4101.285714285715,436,7,28709,densenet121,weighted,0,none,cross_entropy,4,215.54672
1.8096430618623736,1900.5002885921315,16.548165137614678,48.0,130.99722265625,48.0,53.91082984810726,7215,4101.285714285715,436,7,28709,scratch_cnn,random,1,none,label_smoothing,4,216.32231
1.8096430618623736,1900.5002885921315,16.548165137614678,48.0,130.99722265625,48.0,53.91082984810726,7215,4101.285714285715,436,7,28709,mobilenet_v2,weighted,0,rand_aug,cross_entropy,11,216.40973
1.8096430618623736,1900.5002885921315,16.548165137614678,48.0,130.99722265625,48.0,53.91082984810726,7215,4101.285714285715,436,7,28709,resnet18,random,1,none,label_smoothing,4,219.95888
1.8096430618623736,1900.5002885921315,16.548165137614678,48.0,130.99722265625,48.0,53.91082984810726,7215,4101.285714285715,436,7,28709,mobilenet_v2,weighted,0,rand_aug,class_balanced,11,220.10199
1.8096430618623736,1900.5002885921315,16.548165137614678,48.0,130.99722265625,48.0,53.91082984810726,7215,4101.285714285715,436,7,28709,resnet18,weighted,1,none,class_balanced,4,220.73608
1.8096430618623736,1900.5002885921315,16.548165137614678,48.0,130.99722265625,48.0,53.91082984810726,7215,4101.285714285715,436,7,28709,scratch_cnn,weighted,1,none,class_balanced,4,220.84189
1.8096430618623736,1900.5002885921315,16.548165137614678,48.0,130.99722265625,48.0,53.91082984810726,7215,4101.285714285715,436,7,28709,mobilenet_v2,random,0,rand_aug,class_balanced,11,221.46149
1.8096430618623736,1900.5002885921315,16.548165137614678,48.0,130.99722265625,48.0,53.91082984810726,7215,4101.285714285715,436,7,28709,mobilenet_v2,random,0,rand_aug,cross_entropy,11,221.56372
1.8096430618623736,1900.5002885921315,16.548165137614678,48.0,130.99722265625,48.0,53.91082984810726,7215,4101.285714285715,436,7,28709,scratch_cnn,random,1,none,class_balanced,4,222.86072
1.8096430618623736,1900.5002885921315,16.548165137614678,48.0,130.99722265625,48.0,53.91082984810726,7215,4101.285714285715,436,7,28709,mobilenet_v2,random,0,none,cross_entropy,11,223.34756
1.8096430618623736,1900.5002885921315,16.548165137614678,48.0,130.99722265625,48.0,53.91082984810726,7215,4101.285714285715,436,7,28709,mobilenet_v2,weighted,0,none,cross_entropy,11,225.62506
1.8096430618623736,1900.5002885921315,16.548165137614678,48.0,130.99722265625,48.0,53.91082984810726,7215,4101.285714285715,436,7,28709,mobilenet_v2,weighted,0,rand_aug,label_smoothing,11,228.71288
1.8096430618623736,1900.5002885921315,16.548165137614678,48.0,130.99722265625,48.0,53.91082984810726,7215,4101.285714285715,436,7,28709,mobilenet_v2,random,0,none,label_smoothing,11,230.11957
1.8096430618623736,1900.5002885921315,16.548165137614678,48.0,130.99722265625,48.0,53.91082984810726,7215,4101.285714285715,436,7,28709,mobilenet_v2,weighted,0,none,class_balanced,11,230.57294
1.8096430618623736,1900.5002885921315,16.548165137614678,48.0,130.99722265625,48.0,53.91082984810726,7215,4101.285714285715,436,7,28709,mobilenet_v2,weighted,0,none,label_smoothing,11,230.60281
1.8096430618623736,1900.5002885921315,16.548165137614678,48.0,130.99722265625,48.0,53.91082984810726,7215,4101.285714285715,436,7,28709,mobilenet_v2,random,0,rand_aug,label_smoothing,11,231.86775
1.8096430618623736,1900.5002885921315,16.548165137614678,48.0,130.99722265625,48.0,53.91082984810726,7215,4101.285714285715,436,7,28709,resnet18,random,1,none,class_balanced,4,233.10803
1.8096430618623736,1900.5002885921315,16.548165137614678,48.0,130.99722265625,48.0,53.91082984810726,7215,4101.285714285715,436,7,28709,mobilenet_v2,random,1,none,cross_entropy,4,257.59552
1.8096430618623736,1900.5002885921315,16.548165137614678,48.0,130.99722265625,48.0,53.91082984810726,7215,4101.285714285715,436,7,28709,scratch_cnn,weighted,1,rand_aug,cross_entropy,4,260.8636
1.8096430618623736,1900.5002885921315,16.548165137614678,48.0,130.99722265625,48.0,53.91082984810726,7215,4101.285714285715,436,7,28709,mobilenet_v2,weighted,1,none,cross_entropy,4,260.9969
1.8096430618623736,1900.5002885921315,16.548165137614678,48.0,130.99722265625,48.0,53.91082984810726,7215,4101.285714285715,436,7,28709,mobilenet_v2,random,1,none,label_smoothing,4,264.76715
1.8096430618623736,1900.5002885921315,16.548165137614678,48.0,130.99722265625,48.0,53.91082984810726,7215,4101.285714285715,436,7,28709,mobilenet_v2,weighted,1,none,label_smoothing,4,265.43073
1.8096430618623736,1900.5002885921315,16.548165137614678,48.0,130.99722265625,48.0,53.91082984810726,7215,4101.285714285715,436,7,28709,scratch_cnn,weighted,1,rand_aug,label_smoothing,4,266.65454
1.8096430618623736,1900.5002885921315,16.548165137614678,48.0,130.99722265625,48.0,53.91082984810726,7215,4101.285714285715,436,7,28709,scratch_cnn,random,1,rand_aug,cross_entropy,4,269.55548
1.8096430618623736,1900.5002885921315,16.548165137614678,48.0,130.99722265625,48.0,53.91082984810726,7215,4101.285714285715,436,7,28709,mobilenet_v2,weighted,1,none,class_balanced,4,269.961
1.8096430618623736,1900.5002885921315,16.548165137614678,48.0,130.99722265625,48.0,53.91082984810726,7215,4101.285714285715,436,7,28709,scratch_cnn,weighted,1,rand_aug,class_balanced,4,270.78375
1.8096430618623736,1900.5002885921315,16.548165137614678,48.0,130.99722265625,48.0,53.91082984810726,7215,4101.285714285715,436,7,28709,mobilenet_v2,random,1,none,class_balanced,4,277.30737
1.8096430618623736,1900.5002885921315,16.548165137614678,48.0,130.99722265625,48.0,53.91082984810726,7215,4101.285714285715,436,7,28709,scratch_cnn,random,1,rand_aug,label_smoothing,4,277.68903
1.8096430618623736,1900.5002885921315,16.548165137614678,48.0,130.99722265625,48.0,53.91082984810726,7215,4101.285714285715,436,7,28709,resnet18,weighted,1,rand_aug,cross_entropy,4,280.10016
1.8096430618623736,1900.5002885921315,16.548165137614678,48.0,130.99722265625,48.0,53.91082984810726,7215,4101.285714285715,436,7,28709,efficientnet_b0,random,0,rand_aug,class_balanced,11,280.48032
1.8096430618623736,1900.5002885921315,16.548165137614678,48.0,130.99722265625,48.0,53.91082984810726,7215,4101.285714285715,436,7,28709,scratch_cnn,random,1,rand_aug,class_balanced,4,281.0938
1.8096430618623736,1900.5002885921315,16.548165137614678,48.0,130.99722265625,48.0,53.91082984810726,7215,4101.285714285715,436,7,28709,resnet18,random,1,rand_aug,cross_entropy,4,283.69427
1.8096430618623736,1900.5002885921315,16.548165137614678,48.0,130.99722265625,48.0,53.91082984810726,7215,4101.285714285715,436,7,28709,resnet18,weighted,1,rand_aug,label_smoothing,4,285.0539
1.8096430618623736,1900.5002885921315,16.548165137614678,48.0,130.99722265625,48.0,53.91082984810726,7215,4101.285714285715,436,7,28709,efficientnet_b0,random,0,rand_aug,label_smoothing,11,286.6311
1.8096430618623736,1900.5002885921315,16.548165137614678,48.0,130.99722265625,48.0,53.91082984810726,7215,4101.285714285715,436,7,28709,efficientnet_b0,random,0,rand_aug,cross_entropy,11,286.78424
1.8096430618623736,1900.5002885921315,16.548165137614678,48.0,130.99722265625,48.0,53.91082984810726,7215,4101.285714285715,436,7,28709,resnet18,weighted,1,rand_aug,class_balanced,4,291.12122
1.8096430618623736,1900.5002885921315,16.548165137614678,48.0,130.99722265625,48.0,53.91082984810726,7215,4101.285714285715,436,7,28709,resnet18,random,1,rand_aug,label_smoothing,4,292.65198
1.8096430618623736,1900.5002885921315,16.548165137614678,48.0,130.99722265625,48.0,53.91082984810726,7215,4101.285714285715,436,7,28709,efficientnet_b0,weighted,0,rand_aug,cross_entropy,11,293.52118
1.8096430618623736,1900.5002885921315,16.548165137614678,48.0,130.99722265625,48.0,53.91082984810726,7215,4101.285714285715,436,7,28709,efficientnet_b0,weighted,0,rand_aug,label_smoothing,11,294.90173
1.8096430618623736,1900.5002885921315,16.548165137614678,48.0,130.99722265625,48.0,53.91082984810726,7215,4101.285714285715,436,7,28709,efficientnet_b0,weighted,0,rand_aug,class_balanced,11,299.98166
1.8096430618623736,1900.5002885921315,16.548165137614678,48.0,130.99722265625,48.0,53.91082984810726,7215,4101.285714285715,436,7,28709,resnet18,random,1,rand_aug,class_balanced,4,303.38046
1.8096430618623736,1900.5002885921315,16.548165137614678,48.0,130.99722265625,48.0,53.91082984810726,7215,4101.285714285715,436,7,28709,mobilenet_v2,weighted,1,rand_aug,cross_entropy,4,316.44608
1.8096430618623736,1900.5002885921315,16.548165137614678,48.0,130.99722265625,48.0,53.91082984810726,7215,4101.285714285715,436,7,28709,efficientnet_b0,random,1,none,label_smoothing,4,316.74408
1.8096430618623736,1900.5002885921315,16.548165137614678,48.0,130.99722265625,48.0,53.91082984810726,7215,4101.285714285715,436,7,28709,mobilenet_v2,weighted,1,rand_aug,label_smoothing,4,319.57022
1.8096430618623736,1900.5002885921315,16.548165137614678,48.0,130.99722265625,48.0,53.91082984810726,7215,4101.285714285715,436,7,28709,mobilenet_v2,random,1,rand_aug,label_smoothing,4,320.46606
1.8096430618623736,1900.5002885921315,16.548165137614678,48.0,130.99722265625,48.0,53.91082984810726,7215,4101.285714285715,436,7,28709,efficientnet_b0,random,1,none,cross_entropy,4,322.09747
1.8096430618623736,1900.5002885921315,16.548165137614678,48.0,130.99722265625,48.0,53.91082984810726,7215,4101.285714285715,436,7,28709,mobilenet_v2,weighted,1,rand_aug,class_balanced,4,324.38342
1.8096430618623736,1900.5002885921315,16.548165137614678,48.0,130.99722265625,48.0,53.91082984810726,7215,4101.285714285715,436,7,28709,mobilenet_v2,random,1,rand_aug,cross_entropy,4,324.83542
1.8096430618623736,1900.5002885921315,16.548165137614678,48.0,130.99722265625,48.0,53.91082984810726,7215,4101.285714285715,436,7,28709,efficientnet_b0,random,1,none,class_balanced,4,327.8523
1.8096430618623736,1900.5002885921315,16.548165137614678,48.0,130.99722265625,48.0,53.91082984810726,7215,4101.285714285715,436,7,28709,efficientnet_b0,random,0,none,class_balanced,11,328.6481
1.8096430618623736,1900.5002885921315,16.548165137614678,48.0,130.99722265625,48.0,53.91082984810726,7215,4101.285714285715,436,7,28709,efficientnet_b0,weighted,1,none,cross_entropy,4,329.57687
1.8096430618623736,1900.5002885921315,16.548165137614678,48.0,130.99722265625,48.0,53.91082984810726,7215,4101.285714285715,436,7,28709,mobilenet_v2,random,1,rand_aug,class_balanced,4,339.8851
1.8096430618623736,1900.5002885921315,16.548165137614678,48.0,130.99722265625,48.0,53.91082984810726,7215,4101.285714285715,436,7,28709,efficientnet_b0,weighted,1,rand_aug,cross_entropy,4,344.66797
1.8096430618623736,1900.5002885921315,16.548165137614678,48.0,130.99722265625,48.0,53.91082984810726,7215,4101.285714285715,436,7,28709,efficientnet_b0,weighted,1,none,class_balanced,4,344.6768
1.8096430618623736,1900.5002885921315,16.548165137614678,48.0,130.99722265625,48.0,53.91082984810726,7215,4101.285714285715,436,7,28709,efficientnet_b0,weighted,1,none,label_smoothing,4,344.73865
1.8096430618623736,1900.5002885921315,16.548165137614678,48.0,130.99722265625,48.0,53.91082984810726,7215,4101.285714285715,436,7,28709,efficientnet_b0,random,1,rand_aug,label_smoothing,4,345.32837
1.8096430618623736,1900.5002885921315,16.548165137614678,48.0,130.99722265625,48.0,53.91082984810726,7215,4101.285714285715,436,7,28709,efficientnet_b0,weighted,1,rand_aug,label_smoothing,4,346.7608
1.8096430618623736,1900.5002885921315,16.548165137614678,48.0,130.99722265625,48.0,53.91082984810726,7215,4101.285714285715,436,7,28709,efficientnet_b0,random,1,rand_aug,cross_entropy,4,353.77985
1.8096430618623736,1900.5002885921315,16.548165137614678,48.0,130.99722265625,48.0,53.91082984810726,7215,4101.285714285715,436,7,28709,efficientnet_b0,weighted,1,rand_aug,class_balanced,4,354.52698
1.8096430618623736,1900.5002885921315,16.548165137614678,48.0,130.99722265625,48.0,53.91082984810726,7215,4101.285714285715,436,7,28709,efficientnet_b0,random,1,rand_aug,class_balanced,4,358.34473
1.8096430618623736,1900.5002885921315,16.548165137614678,48.0,130.99722265625,48.0,53.91082984810726,7215,4101.285714285715,436,7,28709,efficientnet_b0,random,0,none,cross_entropy,11,359.76898
1.8096430618623736,1900.5002885921315,16.548165137614678,48.0,130.99722265625,48.0,53.91082984810726,7215,4101.285714285715,436,7,28709,efficientnet_b0,random,0,none,label_smoothing,11,360.07144
1.8096430618623736,1900.5002885921315,16.548165137614678,48.0,130.99722265625,48.0,53.91082984810726,7215,4101.285714285715,436,7,28709,efficientnet_b0,weighted,0,none,cross_entropy,11,368.12634
1.8096430618623736,1900.5002885921315,16.548165137614678,48.0,130.99722265625,48.0,53.91082984810726,7215,4101.285714285715,436,7,28709,efficientnet_b0,weighted,0,none,label_smoothing,11,374.57513
1.8096430618623736,1900.5002885921315,16.548165137614678,48.0,130.99722265625,48.0,53.91082984810726,7215,4101.285714285715,436,7,28709,densenet121,weighted,1,none,label_smoothing,4,401.34222
1.8096430618623736,1900.5002885921315,16.548165137614678,48.0,130.99722265625,48.0,53.91082984810726,7215,4101.285714285715,436,7,28709,densenet121,random,1,rand_aug,cross_entropy,4,409.31567
1.8096430618623736,1900.5002885921315,16.548165137614678,48.0,130.99722265625,48.0,53.91082984810726,7215,4101.285714285715,436,7,28709,densenet121,random,1,rand_aug,label_smoothing,4,412.7661
1.8096430618623736,1900.5002885921315,16.548165137614678,48.0,130.99722265625,48.0,53.91082984810726,7215,4101.285714285715,436,7,28709,densenet121,weighted,1,rand_aug,cross_entropy,4,416.54193
1.8096430618623736,1900.5002885921315,16.548165137614678,48.0,130.99722265625,48.0,53.91082984810726,7215,4101.285714285715,436,7,28709,densenet121,weighted,1,rand_aug,label_smoothing,4,420.27692
1.8096430618623736,1900.5002885921315,16.548165137614678,48.0,130.99722265625,48.0,53.91082984810726,7215,4101.285714285715,436,7,28709,densenet121,random,1,none,label_smoothing,4,422.14575
1.8096430618623736,1900.5002885921315,16.548165137614678,48.0,130.99722265625,48.0,53.91082984810726,7215,4101.285714285715,436,7,28709,densenet121,weighted,1,rand_aug,class_balanced,4,423.40292
1.8096430618623736,1900.5002885921315,16.548165137614678,48.0,130.99722265625,48.0,53.91082984810726,7215,4101.285714285715,436,7,28709,densenet121,weighted,1,none,class_balanced,4,423.43698
1.8096430618623736,1900.5002885921315,16.548165137614678,48.0,130.99722265625,48.0,53.91082984810726,7215,4101.285714285715,436,7,28709,densenet121,random,1,rand_aug,class_balanced,4,432.15048
1.8096430618623736,1900.5002885921315,16.548165137614678,48.0,130.99722265625,48.0,53.91082984810726,7215,4101.285714285715,436,7,28709,densenet121,random,1,none,class_balanced,4,432.72345
1.8096430618623736,1900.5002885921315,16.548165137614678,48.0,130.99722265625,48.0,53.91082984810726,7215,4101.285714285715,436,7,28709,efficientnet_b0,weighted,0,none,class_balanced,11,432.89905
1.8096430618623736,1900.5002885921315,16.548165137614678,48.0,130.99722265625,48.0,53.91082984810726,7215,4101.285714285715,436,7,28709,densenet121,random,1,none,cross_entropy,4,437.0529
1.8096430618623736,1900.5002885921315,16.548165137614678,48.0,130.99722265625,48.0,53.91082984810726,7215,4101.285714285715,436,7,28709,densenet121,weighted,1,none,cross_entropy,4,439.0639
1.8096430618623736,1900.5002885921315,16.548165137614678,48.0,130.99722265625,48.0,53.91082984810726,7215,4101.285714285715,436,7,28709,densenet121,random,0,rand_aug,class_balanced,11,541.0589
1.8096430618623736,1900.5002885921315,16.548165137614678,48.0,130.99722265625,48.0,53.91082984810726,7215,4101.285714285715,436,7,28709,densenet121,weighted,0,rand_aug,class_balanced,11,555.18713
1.8096430618623736,1900.5002885921315,16.548165137614678,48.0,130.99722265625,48.0,53.91082984810726,7215,4101.285714285715,436,7,28709,densenet121,weighted,0,rand_aug,label_smoothing,11,570.3728
1.8096430618623736,1900.5002885921315,16.548165137614678,48.0,130.99722265625,48.0,53.91082984810726,7215,4101.285714285715,436,7,28709,densenet121,weighted,0,rand_aug,cross_entropy,11,575.8441
1.8096430618623736,1900.5002885921315,16.548165137614678,48.0,130.99722265625,48.0,53.91082984810726,7215,4101.285714285715,436,7,28709,scratch_cnn,weighted,1,none,cross_entropy,11,578.00635
1.8096430618623736,1900.5002885921315,16.548165137614678,48.0,130.99722265625,48.0,53.91082984810726,7215,4101.285714285715,436,7,28709,densenet121,random,0,rand_aug,label_smoothing,11,579.29785
1.8096430618623736,1900.5002885921315,16.548165137614678,48.0,130.99722265625,48.0,53.91082984810726,7215,4101.285714285715,436,7,28709,scratch_cnn,random,1,none,cross_entropy,11,590.3235
1.8096430618623736,1900.5002885921315,16.548165137614678,48.0,130.99722265625,48.0,53.91082984810726,7215,4101.285714285715,436,7,28709,densenet121,random,0,rand_aug,cross_entropy,11,599.81067
1.8096430618623736,1900.5002885921315,16.548165137614678,48.0,130.99722265625,48.0,53.91082984810726,7215,4101.285714285715,436,7,28709,scratch_cnn,weighted,1,none,label_smoothing,11,602.37
1.8096430618623736,1900.5002885921315,16.548165137614678,48.0,130.99722265625,48.0,53.91082984810726,7215,4101.285714285715,436,7,28709,densenet121,weighted,0,none,class_balanced,11,603.34644
1.8096430618623736,1900.5002885921315,16.548165137614678,48.0,130.99722265625,48.0,53.91082984810726,7215,4101.285714285715,436,7,28709,densenet121,weighted,0,none,label_smoothing,11,609.6263
1.8096430618623736,1900.5002885921315,16.548165137614678,48.0,130.99722265625,48.0,53.91082984810726,7215,4101.285714285715,436,7,28709,densenet121,weighted,0,none,cross_entropy,11,609.6857
1.8096430618623736,1900.5002885921315,16.548165137614678,48.0,130.99722265625,48.0,53.91082984810726,7215,4101.285714285715,436,7,28709,densenet121,random,0,none,cross_entropy,11,610.44934
1.8096430618623736,1900.5002885921315,16.548165137614678,48.0,130.99722265625,48.0,53.91082984810726,7215,4101.285714285715,436,7,28709,densenet121,random,0,none,class_balanced,11,610.7302
1.8096430618623736,1900.5002885921315,16.548165137614678,48.0,130.99722265625,48.0,53.91082984810726,7215,4101.285714285715,436,7,28709,densenet121,random,0,none,label_smoothing,11,611.3769
1.8096430618623736,1900.5002885921315,16.548165137614678,48.0,130.99722265625,48.0,53.91082984810726,7215,4101.285714285715,436,7,28709,scratch_cnn,weighted,1,none,class_balanced,11,619.5348
1.8096430618623736,1900.5002885921315,16.548165137614678,48.0,130.99722265625,48.0,53.91082984810726,7215,4101.285714285715,436,7,28709,scratch_cnn,random,1,none,label_smoothing,11,625.0237
1.8096430618623736,1900.5002885921315,16.548165137614678,48.0,130.99722265625,48.0,53.91082984810726,7215,4101.285714285715,436,7,28709,resnet18,weighted,1,none,cross_entropy,11,631.5365
1.8096430618623736,1900.5002885921315,16.548165137614678,48.0,130.99722265625,48.0,53.91082984810726,7215,4101.285714285715,436,7,28709,scratch_cnn,random,1,none,class_balanced,11,635.1441
1.8096430618623736,1900.5002885921315,16.548165137614678,48.0,130.99722265625,48.0,53.91082984810726,7215,4101.285714285715,436,7,28709,resnet18,weighted,1,none,label_smoothing,11,642.0412
1.8096430618623736,1900.5002885921315,16.548165137614678,48.0,130.99722265625,48.0,53.91082984810726,7215,4101.285714285715,436,7,28709,resnet18,random,1,none,cross_entropy,11,647.55505
1.8096430618623736,1900.5002885921315,16.548165137614678,48.0,130.99722265625,48.0,53.91082984810726,7215,4101.285714285715,436,7,28709,resnet18,random,1,none,label_smoothing,11,653.8642
1.8096430618623736,1900.5002885921315,16.548165137614678,48.0,130.99722265625,48.0,53.91082984810726,7215,4101.285714285715,436,7,28709,resnet18,weighted,1,none,class_balanced,11,656.4373
1.8096430618623736,1900.5002885921315,16.548165137614678,48.0,130.99722265625,48.0,53.91082984810726,7215,4101.285714285715,436,7,28709,resnet18,random,1,none,class_balanced,11,693.021
1.8096430618623736,1900.5002885921315,16.548165137614678,48.0,130.99722265625,48.0,53.91082984810726,7215,4101.285714285715,436,7,28709,scratch_cnn,weighted,1,rand_aug,cross_entropy,11,720.13196
1.8096430618623736,1900.5002885921315,16.548165137614678,48.0,130.99722265625,48.0,53.91082984810726,7215,4101.285714285715,436,7,28709,mobilenet_v2,weighted,1,none,cross_entropy,11,732.583
1.8096430618623736,1900.5002885921315,16.548165137614678,48.0,130.99722265625,48.0,53.91082984810726,7215,4101.285714285715,436,7,28709,scratch_cnn,weighted,1,rand_aug,label_smoothing,11,734.1564
1.8096430618623736,1900.5002885921315,16.548165137614678,48.0,130.99722265625,48.0,53.91082984810726,7215,4101.285714285715,436,7,28709,scratch_cnn,weighted,1,rand_aug,class_balanced,11,735.3865
1.8096430618623736,1900.5002885921315,16.548165137614678,48.0,130.99722265625,48.0,53.91082984810726,7215,4101.285714285715,436,7,28709,scratch_cnn,random,1,rand_aug,cross_entropy,11,746.2715
1.8096430618623736,1900.5002885921315,16.548165137614678,48.0,130.99722265625,48.0,53.91082984810726,7215,4101.285714285715,436,7,28709,mobilenet_v2,random,1,none,cross_entropy,11,747.1677
1.8096430618623736,1900.5002885921315,16.548165137614678,48.0,130.99722265625,48.0,53.91082984810726,7215,4101.285714285715,436,7,28709,scratch_cnn,random,1,rand_aug,label_smoothing,11,759.49255
1.8096430618623736,1900.5002885921315,16.548165137614678,48.0,130.99722265625,48.0,53.91082984810726,7215,4101.285714285715,436,7,28709,mobilenet_v2,weighted,1,none,label_smoothing,11,761.6877
1.8096430618623736,1900.5002885921315,16.548165137614678,48.0,130.99722265625,48.0,53.91082984810726,7215,4101.285714285715,436,7,28709,mobilenet_v2,weighted,1,none,class_balanced,11,761.8606
1.8096430618623736,1900.5002885921315,16.548165137614678,48.0,130.99722265625,48.0,53.91082984810726,7215,4101.285714285715,436,7,28709,scratch_cnn,random,1,rand_aug,class_balanced,11,765.589
1.8096430618623736,1900.5002885921315,16.548165137614678,48.0,130.99722265625,48.0,53.91082984810726,7215,4101.285714285715,436,7,28709,mobilenet_v2,random,1,none,label_smoothing,11,770.8226
1.8096430618623736,1900.5002885921315,16.548165137614678,48.0,130.99722265625,48.0,53.91082984810726,7215,4101.285714285715,436,7,28709,resnet18,weighted,1,rand_aug,cross_entropy,11,784.7947
1.8096430618623736,1900.5002885921315,16.548165137614678,48.0,130.99722265625,48.0,53.91082984810726,7215,4101.285714285715,436,7,28709,resnet18,weighted,1,rand_aug,label_smoothing,11,792.92236
1.8096430618623736,1900.5002885921315,16.548165137614678,48.0,130.99722265625,48.0,53.91082984810726,7215,4101.285714285715,436,7,28709,resnet18,weighted,1,rand_aug,class_balanced,11,801.3825
1.8096430618623736,1900.5002885921315,16.548165137614678,48.0,130.99722265625,48.0,53.91082984810726,7215,4101.285714285715,436,7,28709,resnet18,random,1,rand_aug,cross_entropy,11,806.50916
1.8096430618623736,1900.5002885921315,16.548165137614678,48.0,130.99722265625,48.0,53.91082984810726,7215,4101.285714285715,436,7,28709,mobilenet_v2,random,1,none,class_balanced,11,812.89075
1.8096430618623736,1900.5002885921315,16.548165137614678,48.0,130.99722265625,48.0,53.91082984810726,7215,4101.285714285715,436,7,28709,resnet18,random,1,rand_aug,label_smoothing,11,813.83655
1.8096430618623736,1900.5002885921315,16.548165137614678,48.0,130.99722265625,48.0,53.91082984810726,7215,4101.285714285715,436,7,28709,resnet18,random,1,rand_aug,class_balanced,11,831.98914
1.8096430618623736,1900.5002885921315,16.548165137614678,48.0,130.99722265625,48.0,53.91082984810726,7215,4101.285714285715,436,7,28709,mobilenet_v2,weighted,1,rand_aug,cross_entropy,11,874.9721
1.8096430618623736,1900.5002885921315,16.548165137614678,48.0,130.99722265625,48.0,53.91082984810726,7215,4101.285714285715,436,7,28709,mobilenet_v2,weighted,1,rand_aug,label_smoothing,11,888.3173
1.8096430618623736,1900.5002885921315,16.548165137614678,48.0,130.99722265625,48.0,53.91082984810726,7215,4101.285714285715,436,7,28709,mobilenet_v2,random,1,rand_aug,label_smoothing,11,893.8052
1.8096430618623736,1900.5002885921315,16.548165137614678,48.0,130.99722265625,48.0,53.91082984810726,7215,4101.285714285715,436,7,28709,mobilenet_v2,weighted,1,rand_aug,class_balanced,11,898.094
1.8096430618623736,1900.5002885921315,16.548165137614678,48.0,130.99722265625,48.0,53.91082984810726,7215,4101.285714285715,436,7,28709,mobilenet_v2,random,1,rand_aug,class_balanced,11,910.297
1.8096430618623736,1900.5002885921315,16.548165137614678,48.0,130.99722265625,48.0,53.91082984810726,7215,4101.285714285715,436,7,28709,mobilenet_v2,random,1,rand_aug,cross_entropy,11,912.6207
1.8096430618623736,1900.5002885921315,16.548165137614678,48.0,130.99722265625,48.0,53.91082984810726,7215,4101.285714285715,436,7,28709,efficientnet_b0,weighted,1,none,cross_entropy,11,919.4911
1.8096430618623736,1900.5002885921315,16.548165137614678,48.0,130.99722265625,48.0,53.91082984810726,7215,4101.285714285715,436,7,28709,efficientnet_b0,random,1,none,cross_entropy,11,945.6118
1.8096430618623736,1900.5002885921315,16.548165137614678,48.0,130.99722265625,48.0,53.91082984810726,7215,4101.285714285715,436,7,28709,efficientnet_b0,weighted,1,none,label_smoothing,11,946.2396
1.8096430618623736,1900.5002885921315,16.548165137614678,48.0,130.99722265625,48.0,53.91082984810726,7215,4101.285714285715,436,7,28709,efficientnet_b0,random,1,none,label_smoothing,11,948.62555
1.8096430618623736,1900.5002885921315,16.548165137614678,48.0,130.99722265625,48.0,53.91082984810726,7215,4101.285714285715,436,7,28709,efficientnet_b0,weighted,1,none,class_balanced,11,1001.7756
1.8096430618623736,1900.5002885921315,16.548165137614678,48.0,130.99722265625,48.0,53.91082984810726,7215,4101.285714285715,436,7,28709,efficientnet_b0,weighted,1,rand_aug,cross_entropy,11,1006.4838
1.8096430618623736,1900.5002885921315,16.548165137614678,48.0,130.99722265625,48.0,53.91082984810726,7215,4101.285714285715,436,7,28709,efficientnet_b0,weighted,1,rand_aug,label_smoothing,11,1008.57166
1.8096430618623736,1900.5002885921315,16.548165137614678,48.0,130.99722265625,48.0,53.91082984810726,7215,4101.285714285715,436,7,28709,efficientnet_b0,random,1,rand_aug,label_smoothing,11,1015.83887
1.8096430618623736,1900.5002885921315,16.548165137614678,48.0,130.99722265625,48.0,53.91082984810726,7215,4101.285714285715,436,7,28709,efficientnet_b0,weighted,1,rand_aug,class_balanced,11,1017.4923
1.8096430618623736,1900.5002885921315,16.548165137614678,48.0,130.99722265625,48.0,53.91082984810726,7215,4101.285714285715,436,7,28709,efficientnet_b0,random,1,rand_aug,class_balanced,11,1017.73474
1.8096430618623736,1900.5002885921315,16.548165137614678,48.0,130.99722265625,48.0,53.91082984810726,7215,4101.285714285715,436,7,28709,efficientnet_b0,random,1,rand_aug,cross_entropy,11,1021.71606
1.8096430618623736,1900.5002885921315,16.548165137614678,48.0,130.99722265625,48.0,53.91082984810726,7215,4101.285714285715,436,7,28709,efficientnet_b0,random,1,none,class_balanced,11,1023.7157
1.8096430618623736,1900.5002885921315,16.548165137614678,48.0,130.99722265625,48.0,53.91082984810726,7215,4101.285714285715,436,7,28709,densenet121,weighted,1,none,class_balanced,11,1066.0168
1.8096430618623736,1900.5002885921315,16.548165137614678,48.0,130.99722265625,48.0,53.91082984810726,7215,4101.285714285715,436,7,28709,densenet121,weighted,1,none,label_smoothing,11,1098.7649
1.8096430618623736,1900.5002885921315,16.548165137614678,48.0,130.99722265625,48.0,53.91082984810726,7215,4101.285714285715,436,7,28709,densenet121,random,1,none,class_balanced,11,1144.786
1.8096430618623736,1900.5002885921315,16.548165137614678,48.0,130.99722265625,48.0,53.91082984810726,7215,4101.285714285715,436,7,28709,densenet121,random,1,rand_aug,cross_entropy,11,1155.3403
1.8096430618623736,1900.5002885921315,16.548165137614678,48.0,130.99722265625,48.0,53.91082984810726,7215,4101.285714285715,436,7,28709,densenet121,weighted,1,none,cross_entropy,11,1169.385
1.8096430618623736,1900.5002885921315,16.548165137614678,48.0,130.99722265625,48.0,53.91082984810726,7215,4101.285714285715,436,7,28709,densenet121,random,1,rand_aug,label_smoothing,11,1174.502
1.8096430618623736,1900.5002885921315,16.548165137614678,48.0,130.99722265625,48.0,53.91082984810726,7215,4101.285714285715,436,7,28709,densenet121,weighted,1,rand_aug,cross_entropy,11,1199.2906
1.8096430618623736,1900.5002885921315,16.548165137614678,48.0,130.99722265625,48.0,53.91082984810726,7215,4101.285714285715,436,7,28709,densenet121,random,1,none,cross_entropy,11,1202.4796
1.8096430618623736,1900.5002885921315,16.548165137614678,48.0,130.99722265625,48.0,53.91082984810726,7215,4101.285714285715,436,7,28709,densenet121,weighted,1,rand_aug,class_balanced,11,1209.4827
1.8096430618623736,1900.5002885921315,16.548165137614678,48.0,130.99722265625,48.0,53.91082984810726,7215,4101.285714285715,436,7,28709,densenet121,random,1,none,label_smoothing,11,1209.9578
1.8096430618623736,1900.5002885921315,16.548165137614678,48.0,130.99722265625,48.0,53.91082984810726,7215,4101.285714285715,436,7,28709,densenet121,random,1,rand_aug,class_balanced,11,1213.4547
1.8096430618623736,1900.5002885921315,16.548165137614678,48.0,130.99722265625,48.0,53.91082984810726,7215,4101.285714285715,436,7,28709,densenet121,weighted,1,rand_aug,label_smoothing,11,1227.4263
